ob1=OBI(cluster=1244)
ob1.reboot
ob1.prepare
ob1.create_client
create table t1(pk int primary key, c1 varchar);
insert into t1 values(-1,'s1'),(-2,'s2');
select * from t1;
pk	c1
-2	s2
-1	s1
ob1.$master_ups.force_stop
ob1.$master_ups.start
select * from t1;
pk	c1
-2	s2
-1	s1
