ob1=OBI(cluster=1244)
ob2=OBI(cluster=1244)
ob2.rs0.set master=ob1.rs0
ob1.reboot
ob2.reboot
ob1.mysql set global ob_read_consistency=3
cluster_id	cluster_role	cluster_flow_percent
1	1	100
2	2	0
ob1.mysql update __all_cluster set cluster_flow_percent=50 where cluster_id=1
ob1.mysql update __all_cluster set cluster_flow_percent=50 where cluster_id=2
ob1.create_client
create table t100(c1 int primary key, c2 int);
create table t99(c1 int primary key, c2 int);
create table t98(c1 int primary key, c2 int);
create table t97(c1 int primary key, c2 int);
create table t96(c1 int primary key, c2 int);
create table t95(c1 int primary key, c2 int);
create table t94(c1 int primary key, c2 int);
create table t93(c1 int primary key, c2 int);
create table t92(c1 int primary key, c2 int);
create table t91(c1 int primary key, c2 int);
create table t90(c1 int primary key, c2 int);
create table t89(c1 int primary key, c2 int);
create table t88(c1 int primary key, c2 int);
create table t87(c1 int primary key, c2 int);
create table t86(c1 int primary key, c2 int);
create table t85(c1 int primary key, c2 int);
create table t84(c1 int primary key, c2 int);
create table t83(c1 int primary key, c2 int);
create table t82(c1 int primary key, c2 int);
create table t81(c1 int primary key, c2 int);
create table t80(c1 int primary key, c2 int);
create table t79(c1 int primary key, c2 int);
create table t78(c1 int primary key, c2 int);
create table t77(c1 int primary key, c2 int);
create table t76(c1 int primary key, c2 int);
create table t75(c1 int primary key, c2 int);
create table t74(c1 int primary key, c2 int);
create table t73(c1 int primary key, c2 int);
create table t72(c1 int primary key, c2 int);
create table t71(c1 int primary key, c2 int);
create table t70(c1 int primary key, c2 int);
create table t69(c1 int primary key, c2 int);
create table t68(c1 int primary key, c2 int);
create table t67(c1 int primary key, c2 int);
create table t66(c1 int primary key, c2 int);
create table t65(c1 int primary key, c2 int);
create table t64(c1 int primary key, c2 int);
create table t63(c1 int primary key, c2 int);
create table t62(c1 int primary key, c2 int);
create table t61(c1 int primary key, c2 int);
create table t60(c1 int primary key, c2 int);
create table t59(c1 int primary key, c2 int);
create table t58(c1 int primary key, c2 int);
create table t57(c1 int primary key, c2 int);
create table t56(c1 int primary key, c2 int);
create table t55(c1 int primary key, c2 int);
create table t54(c1 int primary key, c2 int);
create table t53(c1 int primary key, c2 int);
create table t52(c1 int primary key, c2 int);
create table t51(c1 int primary key, c2 int);
create table t50(c1 int primary key, c2 int);
create table t49(c1 int primary key, c2 int);
create table t48(c1 int primary key, c2 int);
create table t47(c1 int primary key, c2 int);
create table t46(c1 int primary key, c2 int);
create table t45(c1 int primary key, c2 int);
create table t44(c1 int primary key, c2 int);
create table t43(c1 int primary key, c2 int);
create table t42(c1 int primary key, c2 int);
create table t41(c1 int primary key, c2 int);
create table t40(c1 int primary key, c2 int);
create table t39(c1 int primary key, c2 int);
create table t38(c1 int primary key, c2 int);
create table t37(c1 int primary key, c2 int);
create table t36(c1 int primary key, c2 int);
create table t35(c1 int primary key, c2 int);
create table t34(c1 int primary key, c2 int);
create table t33(c1 int primary key, c2 int);
create table t32(c1 int primary key, c2 int);
create table t31(c1 int primary key, c2 int);
create table t30(c1 int primary key, c2 int);
create table t29(c1 int primary key, c2 int);
create table t28(c1 int primary key, c2 int);
create table t27(c1 int primary key, c2 int);
create table t26(c1 int primary key, c2 int);
create table t25(c1 int primary key, c2 int);
create table t24(c1 int primary key, c2 int);
create table t23(c1 int primary key, c2 int);
create table t22(c1 int primary key, c2 int);
create table t21(c1 int primary key, c2 int);
create table t20(c1 int primary key, c2 int);
create table t19(c1 int primary key, c2 int);
create table t18(c1 int primary key, c2 int);
create table t17(c1 int primary key, c2 int);
create table t16(c1 int primary key, c2 int);
create table t15(c1 int primary key, c2 int);
create table t14(c1 int primary key, c2 int);
create table t13(c1 int primary key, c2 int);
create table t12(c1 int primary key, c2 int);
create table t11(c1 int primary key, c2 int);
create table t10(c1 int primary key, c2 int);
create table t9(c1 int primary key, c2 int);
create table t8(c1 int primary key, c2 int);
create table t7(c1 int primary key, c2 int);
create table t6(c1 int primary key, c2 int);
create table t5(c1 int primary key, c2 int);
create table t4(c1 int primary key, c2 int);
create table t3(c1 int primary key, c2 int);
create table t2(c1 int primary key, c2 int);
create table t1(c1 int primary key, c2 int);
replace into t1 values(1000,1000);
replace into t1 values(999,999);
replace into t1 values(998,998);
replace into t1 values(997,997);
replace into t1 values(996,996);
replace into t1 values(995,995);
replace into t1 values(994,994);
replace into t1 values(993,993);
replace into t1 values(992,992);
replace into t1 values(991,991);
replace into t1 values(990,990);
replace into t1 values(989,989);
replace into t1 values(988,988);
replace into t1 values(987,987);
replace into t1 values(986,986);
replace into t1 values(985,985);
replace into t1 values(984,984);
replace into t1 values(983,983);
replace into t1 values(982,982);
replace into t1 values(981,981);
replace into t1 values(980,980);
replace into t1 values(979,979);
replace into t1 values(978,978);
replace into t1 values(977,977);
replace into t1 values(976,976);
replace into t1 values(975,975);
replace into t1 values(974,974);
replace into t1 values(973,973);
replace into t1 values(972,972);
replace into t1 values(971,971);
replace into t1 values(970,970);
replace into t1 values(969,969);
replace into t1 values(968,968);
replace into t1 values(967,967);
replace into t1 values(966,966);
replace into t1 values(965,965);
replace into t1 values(964,964);
replace into t1 values(963,963);
replace into t1 values(962,962);
replace into t1 values(961,961);
replace into t1 values(960,960);
replace into t1 values(959,959);
replace into t1 values(958,958);
replace into t1 values(957,957);
replace into t1 values(956,956);
replace into t1 values(955,955);
replace into t1 values(954,954);
replace into t1 values(953,953);
replace into t1 values(952,952);
replace into t1 values(951,951);
replace into t1 values(950,950);
replace into t1 values(949,949);
replace into t1 values(948,948);
replace into t1 values(947,947);
replace into t1 values(946,946);
replace into t1 values(945,945);
replace into t1 values(944,944);
replace into t1 values(943,943);
replace into t1 values(942,942);
replace into t1 values(941,941);
replace into t1 values(940,940);
replace into t1 values(939,939);
replace into t1 values(938,938);
replace into t1 values(937,937);
replace into t1 values(936,936);
replace into t1 values(935,935);
replace into t1 values(934,934);
replace into t1 values(933,933);
replace into t1 values(932,932);
replace into t1 values(931,931);
replace into t1 values(930,930);
replace into t1 values(929,929);
replace into t1 values(928,928);
replace into t1 values(927,927);
replace into t1 values(926,926);
replace into t1 values(925,925);
replace into t1 values(924,924);
replace into t1 values(923,923);
replace into t1 values(922,922);
replace into t1 values(921,921);
replace into t1 values(920,920);
replace into t1 values(919,919);
replace into t1 values(918,918);
replace into t1 values(917,917);
replace into t1 values(916,916);
replace into t1 values(915,915);
replace into t1 values(914,914);
replace into t1 values(913,913);
replace into t1 values(912,912);
replace into t1 values(911,911);
replace into t1 values(910,910);
replace into t1 values(909,909);
replace into t1 values(908,908);
replace into t1 values(907,907);
replace into t1 values(906,906);
replace into t1 values(905,905);
replace into t1 values(904,904);
replace into t1 values(903,903);
replace into t1 values(902,902);
replace into t1 values(901,901);
replace into t1 values(900,900);
replace into t1 values(899,899);
replace into t1 values(898,898);
replace into t1 values(897,897);
replace into t1 values(896,896);
replace into t1 values(895,895);
replace into t1 values(894,894);
replace into t1 values(893,893);
replace into t1 values(892,892);
replace into t1 values(891,891);
replace into t1 values(890,890);
replace into t1 values(889,889);
replace into t1 values(888,888);
replace into t1 values(887,887);
replace into t1 values(886,886);
replace into t1 values(885,885);
replace into t1 values(884,884);
replace into t1 values(883,883);
replace into t1 values(882,882);
replace into t1 values(881,881);
replace into t1 values(880,880);
replace into t1 values(879,879);
replace into t1 values(878,878);
replace into t1 values(877,877);
replace into t1 values(876,876);
replace into t1 values(875,875);
replace into t1 values(874,874);
replace into t1 values(873,873);
replace into t1 values(872,872);
replace into t1 values(871,871);
replace into t1 values(870,870);
replace into t1 values(869,869);
replace into t1 values(868,868);
replace into t1 values(867,867);
replace into t1 values(866,866);
replace into t1 values(865,865);
replace into t1 values(864,864);
replace into t1 values(863,863);
replace into t1 values(862,862);
replace into t1 values(861,861);
replace into t1 values(860,860);
replace into t1 values(859,859);
replace into t1 values(858,858);
replace into t1 values(857,857);
replace into t1 values(856,856);
replace into t1 values(855,855);
replace into t1 values(854,854);
replace into t1 values(853,853);
replace into t1 values(852,852);
replace into t1 values(851,851);
replace into t1 values(850,850);
replace into t1 values(849,849);
replace into t1 values(848,848);
replace into t1 values(847,847);
replace into t1 values(846,846);
replace into t1 values(845,845);
replace into t1 values(844,844);
replace into t1 values(843,843);
replace into t1 values(842,842);
replace into t1 values(841,841);
replace into t1 values(840,840);
replace into t1 values(839,839);
replace into t1 values(838,838);
replace into t1 values(837,837);
replace into t1 values(836,836);
replace into t1 values(835,835);
replace into t1 values(834,834);
replace into t1 values(833,833);
replace into t1 values(832,832);
replace into t1 values(831,831);
replace into t1 values(830,830);
replace into t1 values(829,829);
replace into t1 values(828,828);
replace into t1 values(827,827);
replace into t1 values(826,826);
replace into t1 values(825,825);
replace into t1 values(824,824);
replace into t1 values(823,823);
replace into t1 values(822,822);
replace into t1 values(821,821);
replace into t1 values(820,820);
replace into t1 values(819,819);
replace into t1 values(818,818);
replace into t1 values(817,817);
replace into t1 values(816,816);
replace into t1 values(815,815);
replace into t1 values(814,814);
replace into t1 values(813,813);
replace into t1 values(812,812);
replace into t1 values(811,811);
replace into t1 values(810,810);
replace into t1 values(809,809);
replace into t1 values(808,808);
replace into t1 values(807,807);
replace into t1 values(806,806);
replace into t1 values(805,805);
replace into t1 values(804,804);
replace into t1 values(803,803);
replace into t1 values(802,802);
replace into t1 values(801,801);
replace into t1 values(800,800);
replace into t1 values(799,799);
replace into t1 values(798,798);
replace into t1 values(797,797);
replace into t1 values(796,796);
replace into t1 values(795,795);
replace into t1 values(794,794);
replace into t1 values(793,793);
replace into t1 values(792,792);
replace into t1 values(791,791);
replace into t1 values(790,790);
replace into t1 values(789,789);
replace into t1 values(788,788);
replace into t1 values(787,787);
replace into t1 values(786,786);
replace into t1 values(785,785);
replace into t1 values(784,784);
replace into t1 values(783,783);
replace into t1 values(782,782);
replace into t1 values(781,781);
replace into t1 values(780,780);
replace into t1 values(779,779);
replace into t1 values(778,778);
replace into t1 values(777,777);
replace into t1 values(776,776);
replace into t1 values(775,775);
replace into t1 values(774,774);
replace into t1 values(773,773);
replace into t1 values(772,772);
replace into t1 values(771,771);
replace into t1 values(770,770);
replace into t1 values(769,769);
replace into t1 values(768,768);
replace into t1 values(767,767);
replace into t1 values(766,766);
replace into t1 values(765,765);
replace into t1 values(764,764);
replace into t1 values(763,763);
replace into t1 values(762,762);
replace into t1 values(761,761);
replace into t1 values(760,760);
replace into t1 values(759,759);
replace into t1 values(758,758);
replace into t1 values(757,757);
replace into t1 values(756,756);
replace into t1 values(755,755);
replace into t1 values(754,754);
replace into t1 values(753,753);
replace into t1 values(752,752);
replace into t1 values(751,751);
replace into t1 values(750,750);
replace into t1 values(749,749);
replace into t1 values(748,748);
replace into t1 values(747,747);
replace into t1 values(746,746);
replace into t1 values(745,745);
replace into t1 values(744,744);
replace into t1 values(743,743);
replace into t1 values(742,742);
replace into t1 values(741,741);
replace into t1 values(740,740);
replace into t1 values(739,739);
replace into t1 values(738,738);
replace into t1 values(737,737);
replace into t1 values(736,736);
replace into t1 values(735,735);
replace into t1 values(734,734);
replace into t1 values(733,733);
replace into t1 values(732,732);
replace into t1 values(731,731);
replace into t1 values(730,730);
replace into t1 values(729,729);
replace into t1 values(728,728);
replace into t1 values(727,727);
replace into t1 values(726,726);
replace into t1 values(725,725);
replace into t1 values(724,724);
replace into t1 values(723,723);
replace into t1 values(722,722);
replace into t1 values(721,721);
replace into t1 values(720,720);
replace into t1 values(719,719);
replace into t1 values(718,718);
replace into t1 values(717,717);
replace into t1 values(716,716);
replace into t1 values(715,715);
replace into t1 values(714,714);
replace into t1 values(713,713);
replace into t1 values(712,712);
replace into t1 values(711,711);
replace into t1 values(710,710);
replace into t1 values(709,709);
replace into t1 values(708,708);
replace into t1 values(707,707);
replace into t1 values(706,706);
replace into t1 values(705,705);
replace into t1 values(704,704);
replace into t1 values(703,703);
replace into t1 values(702,702);
replace into t1 values(701,701);
replace into t1 values(700,700);
replace into t1 values(699,699);
replace into t1 values(698,698);
replace into t1 values(697,697);
replace into t1 values(696,696);
replace into t1 values(695,695);
replace into t1 values(694,694);
replace into t1 values(693,693);
replace into t1 values(692,692);
replace into t1 values(691,691);
replace into t1 values(690,690);
replace into t1 values(689,689);
replace into t1 values(688,688);
replace into t1 values(687,687);
replace into t1 values(686,686);
replace into t1 values(685,685);
replace into t1 values(684,684);
replace into t1 values(683,683);
replace into t1 values(682,682);
replace into t1 values(681,681);
replace into t1 values(680,680);
replace into t1 values(679,679);
replace into t1 values(678,678);
replace into t1 values(677,677);
replace into t1 values(676,676);
replace into t1 values(675,675);
replace into t1 values(674,674);
replace into t1 values(673,673);
replace into t1 values(672,672);
replace into t1 values(671,671);
replace into t1 values(670,670);
replace into t1 values(669,669);
replace into t1 values(668,668);
replace into t1 values(667,667);
replace into t1 values(666,666);
replace into t1 values(665,665);
replace into t1 values(664,664);
replace into t1 values(663,663);
replace into t1 values(662,662);
replace into t1 values(661,661);
replace into t1 values(660,660);
replace into t1 values(659,659);
replace into t1 values(658,658);
replace into t1 values(657,657);
replace into t1 values(656,656);
replace into t1 values(655,655);
replace into t1 values(654,654);
replace into t1 values(653,653);
replace into t1 values(652,652);
replace into t1 values(651,651);
replace into t1 values(650,650);
replace into t1 values(649,649);
replace into t1 values(648,648);
replace into t1 values(647,647);
replace into t1 values(646,646);
replace into t1 values(645,645);
replace into t1 values(644,644);
replace into t1 values(643,643);
replace into t1 values(642,642);
replace into t1 values(641,641);
replace into t1 values(640,640);
replace into t1 values(639,639);
replace into t1 values(638,638);
replace into t1 values(637,637);
replace into t1 values(636,636);
replace into t1 values(635,635);
replace into t1 values(634,634);
replace into t1 values(633,633);
replace into t1 values(632,632);
replace into t1 values(631,631);
replace into t1 values(630,630);
replace into t1 values(629,629);
replace into t1 values(628,628);
replace into t1 values(627,627);
replace into t1 values(626,626);
replace into t1 values(625,625);
replace into t1 values(624,624);
replace into t1 values(623,623);
replace into t1 values(622,622);
replace into t1 values(621,621);
replace into t1 values(620,620);
replace into t1 values(619,619);
replace into t1 values(618,618);
replace into t1 values(617,617);
replace into t1 values(616,616);
replace into t1 values(615,615);
replace into t1 values(614,614);
replace into t1 values(613,613);
replace into t1 values(612,612);
replace into t1 values(611,611);
replace into t1 values(610,610);
replace into t1 values(609,609);
replace into t1 values(608,608);
replace into t1 values(607,607);
replace into t1 values(606,606);
replace into t1 values(605,605);
replace into t1 values(604,604);
replace into t1 values(603,603);
replace into t1 values(602,602);
replace into t1 values(601,601);
replace into t1 values(600,600);
replace into t1 values(599,599);
replace into t1 values(598,598);
replace into t1 values(597,597);
replace into t1 values(596,596);
replace into t1 values(595,595);
replace into t1 values(594,594);
replace into t1 values(593,593);
replace into t1 values(592,592);
replace into t1 values(591,591);
replace into t1 values(590,590);
replace into t1 values(589,589);
replace into t1 values(588,588);
replace into t1 values(587,587);
replace into t1 values(586,586);
replace into t1 values(585,585);
replace into t1 values(584,584);
replace into t1 values(583,583);
replace into t1 values(582,582);
replace into t1 values(581,581);
replace into t1 values(580,580);
replace into t1 values(579,579);
replace into t1 values(578,578);
replace into t1 values(577,577);
replace into t1 values(576,576);
replace into t1 values(575,575);
replace into t1 values(574,574);
replace into t1 values(573,573);
replace into t1 values(572,572);
replace into t1 values(571,571);
replace into t1 values(570,570);
replace into t1 values(569,569);
replace into t1 values(568,568);
replace into t1 values(567,567);
replace into t1 values(566,566);
replace into t1 values(565,565);
replace into t1 values(564,564);
replace into t1 values(563,563);
replace into t1 values(562,562);
replace into t1 values(561,561);
replace into t1 values(560,560);
replace into t1 values(559,559);
replace into t1 values(558,558);
replace into t1 values(557,557);
replace into t1 values(556,556);
replace into t1 values(555,555);
replace into t1 values(554,554);
replace into t1 values(553,553);
replace into t1 values(552,552);
replace into t1 values(551,551);
replace into t1 values(550,550);
replace into t1 values(549,549);
replace into t1 values(548,548);
replace into t1 values(547,547);
replace into t1 values(546,546);
replace into t1 values(545,545);
replace into t1 values(544,544);
replace into t1 values(543,543);
replace into t1 values(542,542);
replace into t1 values(541,541);
replace into t1 values(540,540);
replace into t1 values(539,539);
replace into t1 values(538,538);
replace into t1 values(537,537);
replace into t1 values(536,536);
replace into t1 values(535,535);
replace into t1 values(534,534);
replace into t1 values(533,533);
replace into t1 values(532,532);
replace into t1 values(531,531);
replace into t1 values(530,530);
replace into t1 values(529,529);
replace into t1 values(528,528);
replace into t1 values(527,527);
replace into t1 values(526,526);
replace into t1 values(525,525);
replace into t1 values(524,524);
replace into t1 values(523,523);
replace into t1 values(522,522);
replace into t1 values(521,521);
replace into t1 values(520,520);
replace into t1 values(519,519);
replace into t1 values(518,518);
replace into t1 values(517,517);
replace into t1 values(516,516);
replace into t1 values(515,515);
replace into t1 values(514,514);
replace into t1 values(513,513);
replace into t1 values(512,512);
replace into t1 values(511,511);
replace into t1 values(510,510);
replace into t1 values(509,509);
replace into t1 values(508,508);
replace into t1 values(507,507);
replace into t1 values(506,506);
replace into t1 values(505,505);
replace into t1 values(504,504);
replace into t1 values(503,503);
replace into t1 values(502,502);
replace into t1 values(501,501);
insert into t1 values(500,500);
insert into t1 values(499,499);
insert into t1 values(498,498);
insert into t1 values(497,497);
insert into t1 values(496,496);
insert into t1 values(495,495);
insert into t1 values(494,494);
insert into t1 values(493,493);
insert into t1 values(492,492);
insert into t1 values(491,491);
insert into t1 values(490,490);
insert into t1 values(489,489);
insert into t1 values(488,488);
insert into t1 values(487,487);
insert into t1 values(486,486);
insert into t1 values(485,485);
insert into t1 values(484,484);
insert into t1 values(483,483);
insert into t1 values(482,482);
insert into t1 values(481,481);
insert into t1 values(480,480);
insert into t1 values(479,479);
insert into t1 values(478,478);
insert into t1 values(477,477);
insert into t1 values(476,476);
insert into t1 values(475,475);
insert into t1 values(474,474);
insert into t1 values(473,473);
insert into t1 values(472,472);
insert into t1 values(471,471);
insert into t1 values(470,470);
insert into t1 values(469,469);
insert into t1 values(468,468);
insert into t1 values(467,467);
insert into t1 values(466,466);
insert into t1 values(465,465);
insert into t1 values(464,464);
insert into t1 values(463,463);
insert into t1 values(462,462);
insert into t1 values(461,461);
insert into t1 values(460,460);
insert into t1 values(459,459);
insert into t1 values(458,458);
insert into t1 values(457,457);
insert into t1 values(456,456);
insert into t1 values(455,455);
insert into t1 values(454,454);
insert into t1 values(453,453);
insert into t1 values(452,452);
insert into t1 values(451,451);
insert into t1 values(450,450);
insert into t1 values(449,449);
insert into t1 values(448,448);
insert into t1 values(447,447);
insert into t1 values(446,446);
insert into t1 values(445,445);
insert into t1 values(444,444);
insert into t1 values(443,443);
insert into t1 values(442,442);
insert into t1 values(441,441);
insert into t1 values(440,440);
insert into t1 values(439,439);
insert into t1 values(438,438);
insert into t1 values(437,437);
insert into t1 values(436,436);
insert into t1 values(435,435);
insert into t1 values(434,434);
insert into t1 values(433,433);
insert into t1 values(432,432);
insert into t1 values(431,431);
insert into t1 values(430,430);
insert into t1 values(429,429);
insert into t1 values(428,428);
insert into t1 values(427,427);
insert into t1 values(426,426);
insert into t1 values(425,425);
insert into t1 values(424,424);
insert into t1 values(423,423);
insert into t1 values(422,422);
insert into t1 values(421,421);
insert into t1 values(420,420);
insert into t1 values(419,419);
insert into t1 values(418,418);
insert into t1 values(417,417);
insert into t1 values(416,416);
insert into t1 values(415,415);
insert into t1 values(414,414);
insert into t1 values(413,413);
insert into t1 values(412,412);
insert into t1 values(411,411);
insert into t1 values(410,410);
insert into t1 values(409,409);
insert into t1 values(408,408);
insert into t1 values(407,407);
insert into t1 values(406,406);
insert into t1 values(405,405);
insert into t1 values(404,404);
insert into t1 values(403,403);
insert into t1 values(402,402);
insert into t1 values(401,401);
insert into t1 values(400,400);
insert into t1 values(399,399);
insert into t1 values(398,398);
insert into t1 values(397,397);
insert into t1 values(396,396);
insert into t1 values(395,395);
insert into t1 values(394,394);
insert into t1 values(393,393);
insert into t1 values(392,392);
insert into t1 values(391,391);
insert into t1 values(390,390);
insert into t1 values(389,389);
insert into t1 values(388,388);
insert into t1 values(387,387);
insert into t1 values(386,386);
insert into t1 values(385,385);
insert into t1 values(384,384);
insert into t1 values(383,383);
insert into t1 values(382,382);
insert into t1 values(381,381);
insert into t1 values(380,380);
insert into t1 values(379,379);
insert into t1 values(378,378);
insert into t1 values(377,377);
insert into t1 values(376,376);
insert into t1 values(375,375);
insert into t1 values(374,374);
insert into t1 values(373,373);
insert into t1 values(372,372);
insert into t1 values(371,371);
insert into t1 values(370,370);
insert into t1 values(369,369);
insert into t1 values(368,368);
insert into t1 values(367,367);
insert into t1 values(366,366);
insert into t1 values(365,365);
insert into t1 values(364,364);
insert into t1 values(363,363);
insert into t1 values(362,362);
insert into t1 values(361,361);
insert into t1 values(360,360);
insert into t1 values(359,359);
insert into t1 values(358,358);
insert into t1 values(357,357);
insert into t1 values(356,356);
insert into t1 values(355,355);
insert into t1 values(354,354);
insert into t1 values(353,353);
insert into t1 values(352,352);
insert into t1 values(351,351);
insert into t1 values(350,350);
insert into t1 values(349,349);
insert into t1 values(348,348);
insert into t1 values(347,347);
insert into t1 values(346,346);
insert into t1 values(345,345);
insert into t1 values(344,344);
insert into t1 values(343,343);
insert into t1 values(342,342);
insert into t1 values(341,341);
insert into t1 values(340,340);
insert into t1 values(339,339);
insert into t1 values(338,338);
insert into t1 values(337,337);
insert into t1 values(336,336);
insert into t1 values(335,335);
insert into t1 values(334,334);
insert into t1 values(333,333);
insert into t1 values(332,332);
insert into t1 values(331,331);
insert into t1 values(330,330);
insert into t1 values(329,329);
insert into t1 values(328,328);
insert into t1 values(327,327);
insert into t1 values(326,326);
insert into t1 values(325,325);
insert into t1 values(324,324);
insert into t1 values(323,323);
insert into t1 values(322,322);
insert into t1 values(321,321);
insert into t1 values(320,320);
insert into t1 values(319,319);
insert into t1 values(318,318);
insert into t1 values(317,317);
insert into t1 values(316,316);
insert into t1 values(315,315);
insert into t1 values(314,314);
insert into t1 values(313,313);
insert into t1 values(312,312);
insert into t1 values(311,311);
insert into t1 values(310,310);
insert into t1 values(309,309);
insert into t1 values(308,308);
insert into t1 values(307,307);
insert into t1 values(306,306);
insert into t1 values(305,305);
insert into t1 values(304,304);
insert into t1 values(303,303);
insert into t1 values(302,302);
insert into t1 values(301,301);
insert into t1 values(300,300);
insert into t1 values(299,299);
insert into t1 values(298,298);
insert into t1 values(297,297);
insert into t1 values(296,296);
insert into t1 values(295,295);
insert into t1 values(294,294);
insert into t1 values(293,293);
insert into t1 values(292,292);
insert into t1 values(291,291);
insert into t1 values(290,290);
insert into t1 values(289,289);
insert into t1 values(288,288);
insert into t1 values(287,287);
insert into t1 values(286,286);
insert into t1 values(285,285);
insert into t1 values(284,284);
insert into t1 values(283,283);
insert into t1 values(282,282);
insert into t1 values(281,281);
insert into t1 values(280,280);
insert into t1 values(279,279);
insert into t1 values(278,278);
insert into t1 values(277,277);
insert into t1 values(276,276);
insert into t1 values(275,275);
insert into t1 values(274,274);
insert into t1 values(273,273);
insert into t1 values(272,272);
insert into t1 values(271,271);
insert into t1 values(270,270);
insert into t1 values(269,269);
insert into t1 values(268,268);
insert into t1 values(267,267);
insert into t1 values(266,266);
insert into t1 values(265,265);
insert into t1 values(264,264);
insert into t1 values(263,263);
insert into t1 values(262,262);
insert into t1 values(261,261);
insert into t1 values(260,260);
insert into t1 values(259,259);
insert into t1 values(258,258);
insert into t1 values(257,257);
insert into t1 values(256,256);
insert into t1 values(255,255);
insert into t1 values(254,254);
insert into t1 values(253,253);
insert into t1 values(252,252);
insert into t1 values(251,251);
insert into t1 values(250,250);
insert into t1 values(249,249);
insert into t1 values(248,248);
insert into t1 values(247,247);
insert into t1 values(246,246);
insert into t1 values(245,245);
insert into t1 values(244,244);
insert into t1 values(243,243);
insert into t1 values(242,242);
insert into t1 values(241,241);
insert into t1 values(240,240);
insert into t1 values(239,239);
insert into t1 values(238,238);
insert into t1 values(237,237);
insert into t1 values(236,236);
insert into t1 values(235,235);
insert into t1 values(234,234);
insert into t1 values(233,233);
insert into t1 values(232,232);
insert into t1 values(231,231);
insert into t1 values(230,230);
insert into t1 values(229,229);
insert into t1 values(228,228);
insert into t1 values(227,227);
insert into t1 values(226,226);
insert into t1 values(225,225);
insert into t1 values(224,224);
insert into t1 values(223,223);
insert into t1 values(222,222);
insert into t1 values(221,221);
insert into t1 values(220,220);
insert into t1 values(219,219);
insert into t1 values(218,218);
insert into t1 values(217,217);
insert into t1 values(216,216);
insert into t1 values(215,215);
insert into t1 values(214,214);
insert into t1 values(213,213);
insert into t1 values(212,212);
insert into t1 values(211,211);
insert into t1 values(210,210);
insert into t1 values(209,209);
insert into t1 values(208,208);
insert into t1 values(207,207);
insert into t1 values(206,206);
insert into t1 values(205,205);
insert into t1 values(204,204);
insert into t1 values(203,203);
insert into t1 values(202,202);
insert into t1 values(201,201);
insert into t1 values(200,200);
insert into t1 values(199,199);
insert into t1 values(198,198);
insert into t1 values(197,197);
insert into t1 values(196,196);
insert into t1 values(195,195);
insert into t1 values(194,194);
insert into t1 values(193,193);
insert into t1 values(192,192);
insert into t1 values(191,191);
insert into t1 values(190,190);
insert into t1 values(189,189);
insert into t1 values(188,188);
insert into t1 values(187,187);
insert into t1 values(186,186);
insert into t1 values(185,185);
insert into t1 values(184,184);
insert into t1 values(183,183);
insert into t1 values(182,182);
insert into t1 values(181,181);
insert into t1 values(180,180);
insert into t1 values(179,179);
insert into t1 values(178,178);
insert into t1 values(177,177);
insert into t1 values(176,176);
insert into t1 values(175,175);
insert into t1 values(174,174);
insert into t1 values(173,173);
insert into t1 values(172,172);
insert into t1 values(171,171);
insert into t1 values(170,170);
insert into t1 values(169,169);
insert into t1 values(168,168);
insert into t1 values(167,167);
insert into t1 values(166,166);
insert into t1 values(165,165);
insert into t1 values(164,164);
insert into t1 values(163,163);
insert into t1 values(162,162);
insert into t1 values(161,161);
insert into t1 values(160,160);
insert into t1 values(159,159);
insert into t1 values(158,158);
insert into t1 values(157,157);
insert into t1 values(156,156);
insert into t1 values(155,155);
insert into t1 values(154,154);
insert into t1 values(153,153);
insert into t1 values(152,152);
insert into t1 values(151,151);
insert into t1 values(150,150);
insert into t1 values(149,149);
insert into t1 values(148,148);
insert into t1 values(147,147);
insert into t1 values(146,146);
insert into t1 values(145,145);
insert into t1 values(144,144);
insert into t1 values(143,143);
insert into t1 values(142,142);
insert into t1 values(141,141);
insert into t1 values(140,140);
insert into t1 values(139,139);
insert into t1 values(138,138);
insert into t1 values(137,137);
insert into t1 values(136,136);
insert into t1 values(135,135);
insert into t1 values(134,134);
insert into t1 values(133,133);
insert into t1 values(132,132);
insert into t1 values(131,131);
insert into t1 values(130,130);
insert into t1 values(129,129);
insert into t1 values(128,128);
insert into t1 values(127,127);
insert into t1 values(126,126);
insert into t1 values(125,125);
insert into t1 values(124,124);
insert into t1 values(123,123);
insert into t1 values(122,122);
insert into t1 values(121,121);
insert into t1 values(120,120);
insert into t1 values(119,119);
insert into t1 values(118,118);
insert into t1 values(117,117);
insert into t1 values(116,116);
insert into t1 values(115,115);
insert into t1 values(114,114);
insert into t1 values(113,113);
insert into t1 values(112,112);
insert into t1 values(111,111);
insert into t1 values(110,110);
insert into t1 values(109,109);
insert into t1 values(108,108);
insert into t1 values(107,107);
insert into t1 values(106,106);
insert into t1 values(105,105);
insert into t1 values(104,104);
insert into t1 values(103,103);
insert into t1 values(102,102);
insert into t1 values(101,101);
insert into t1 values(100,100);
insert into t1 values(99,99);
insert into t1 values(98,98);
insert into t1 values(97,97);
insert into t1 values(96,96);
insert into t1 values(95,95);
insert into t1 values(94,94);
insert into t1 values(93,93);
insert into t1 values(92,92);
insert into t1 values(91,91);
insert into t1 values(90,90);
insert into t1 values(89,89);
insert into t1 values(88,88);
insert into t1 values(87,87);
insert into t1 values(86,86);
insert into t1 values(85,85);
insert into t1 values(84,84);
insert into t1 values(83,83);
insert into t1 values(82,82);
insert into t1 values(81,81);
insert into t1 values(80,80);
insert into t1 values(79,79);
insert into t1 values(78,78);
insert into t1 values(77,77);
insert into t1 values(76,76);
insert into t1 values(75,75);
insert into t1 values(74,74);
insert into t1 values(73,73);
insert into t1 values(72,72);
insert into t1 values(71,71);
insert into t1 values(70,70);
insert into t1 values(69,69);
insert into t1 values(68,68);
insert into t1 values(67,67);
insert into t1 values(66,66);
insert into t1 values(65,65);
insert into t1 values(64,64);
insert into t1 values(63,63);
insert into t1 values(62,62);
insert into t1 values(61,61);
insert into t1 values(60,60);
insert into t1 values(59,59);
insert into t1 values(58,58);
insert into t1 values(57,57);
insert into t1 values(56,56);
insert into t1 values(55,55);
insert into t1 values(54,54);
insert into t1 values(53,53);
insert into t1 values(52,52);
insert into t1 values(51,51);
insert into t1 values(50,50);
insert into t1 values(49,49);
insert into t1 values(48,48);
insert into t1 values(47,47);
insert into t1 values(46,46);
insert into t1 values(45,45);
insert into t1 values(44,44);
insert into t1 values(43,43);
insert into t1 values(42,42);
insert into t1 values(41,41);
insert into t1 values(40,40);
insert into t1 values(39,39);
insert into t1 values(38,38);
insert into t1 values(37,37);
insert into t1 values(36,36);
insert into t1 values(35,35);
insert into t1 values(34,34);
insert into t1 values(33,33);
insert into t1 values(32,32);
insert into t1 values(31,31);
insert into t1 values(30,30);
insert into t1 values(29,29);
insert into t1 values(28,28);
insert into t1 values(27,27);
insert into t1 values(26,26);
insert into t1 values(25,25);
insert into t1 values(24,24);
insert into t1 values(23,23);
insert into t1 values(22,22);
insert into t1 values(21,21);
insert into t1 values(20,20);
insert into t1 values(19,19);
insert into t1 values(18,18);
insert into t1 values(17,17);
insert into t1 values(16,16);
insert into t1 values(15,15);
insert into t1 values(14,14);
insert into t1 values(13,13);
insert into t1 values(12,12);
insert into t1 values(11,11);
insert into t1 values(10,10);
insert into t1 values(9,9);
insert into t1 values(8,8);
insert into t1 values(7,7);
insert into t1 values(6,6);
insert into t1 values(5,5);
insert into t1 values(4,4);
insert into t1 values(3,3);
insert into t1 values(2,2);
insert into t1 values(1,1);
update t1 set c2=1 where c1=1000;
update t1 set c2=1 where c1=999;
update t1 set c2=1 where c1=998;
update t1 set c2=1 where c1=997;
update t1 set c2=1 where c1=996;
update t1 set c2=1 where c1=995;
update t1 set c2=1 where c1=994;
update t1 set c2=1 where c1=993;
update t1 set c2=1 where c1=992;
update t1 set c2=1 where c1=991;
update t1 set c2=1 where c1=990;
update t1 set c2=1 where c1=989;
update t1 set c2=1 where c1=988;
update t1 set c2=1 where c1=987;
update t1 set c2=1 where c1=986;
update t1 set c2=1 where c1=985;
update t1 set c2=1 where c1=984;
update t1 set c2=1 where c1=983;
update t1 set c2=1 where c1=982;
update t1 set c2=1 where c1=981;
update t1 set c2=1 where c1=980;
update t1 set c2=1 where c1=979;
update t1 set c2=1 where c1=978;
update t1 set c2=1 where c1=977;
update t1 set c2=1 where c1=976;
update t1 set c2=1 where c1=975;
update t1 set c2=1 where c1=974;
update t1 set c2=1 where c1=973;
update t1 set c2=1 where c1=972;
update t1 set c2=1 where c1=971;
update t1 set c2=1 where c1=970;
update t1 set c2=1 where c1=969;
update t1 set c2=1 where c1=968;
update t1 set c2=1 where c1=967;
update t1 set c2=1 where c1=966;
update t1 set c2=1 where c1=965;
update t1 set c2=1 where c1=964;
update t1 set c2=1 where c1=963;
update t1 set c2=1 where c1=962;
update t1 set c2=1 where c1=961;
update t1 set c2=1 where c1=960;
update t1 set c2=1 where c1=959;
update t1 set c2=1 where c1=958;
update t1 set c2=1 where c1=957;
update t1 set c2=1 where c1=956;
update t1 set c2=1 where c1=955;
update t1 set c2=1 where c1=954;
update t1 set c2=1 where c1=953;
update t1 set c2=1 where c1=952;
update t1 set c2=1 where c1=951;
update t1 set c2=1 where c1=950;
update t1 set c2=1 where c1=949;
update t1 set c2=1 where c1=948;
update t1 set c2=1 where c1=947;
update t1 set c2=1 where c1=946;
update t1 set c2=1 where c1=945;
update t1 set c2=1 where c1=944;
update t1 set c2=1 where c1=943;
update t1 set c2=1 where c1=942;
update t1 set c2=1 where c1=941;
update t1 set c2=1 where c1=940;
update t1 set c2=1 where c1=939;
update t1 set c2=1 where c1=938;
update t1 set c2=1 where c1=937;
update t1 set c2=1 where c1=936;
update t1 set c2=1 where c1=935;
update t1 set c2=1 where c1=934;
update t1 set c2=1 where c1=933;
update t1 set c2=1 where c1=932;
update t1 set c2=1 where c1=931;
update t1 set c2=1 where c1=930;
update t1 set c2=1 where c1=929;
update t1 set c2=1 where c1=928;
update t1 set c2=1 where c1=927;
update t1 set c2=1 where c1=926;
update t1 set c2=1 where c1=925;
update t1 set c2=1 where c1=924;
update t1 set c2=1 where c1=923;
update t1 set c2=1 where c1=922;
update t1 set c2=1 where c1=921;
update t1 set c2=1 where c1=920;
update t1 set c2=1 where c1=919;
update t1 set c2=1 where c1=918;
update t1 set c2=1 where c1=917;
update t1 set c2=1 where c1=916;
update t1 set c2=1 where c1=915;
update t1 set c2=1 where c1=914;
update t1 set c2=1 where c1=913;
update t1 set c2=1 where c1=912;
update t1 set c2=1 where c1=911;
update t1 set c2=1 where c1=910;
update t1 set c2=1 where c1=909;
update t1 set c2=1 where c1=908;
update t1 set c2=1 where c1=907;
update t1 set c2=1 where c1=906;
update t1 set c2=1 where c1=905;
update t1 set c2=1 where c1=904;
update t1 set c2=1 where c1=903;
update t1 set c2=1 where c1=902;
update t1 set c2=1 where c1=901;
update t1 set c2=1 where c1=900;
update t1 set c2=1 where c1=899;
update t1 set c2=1 where c1=898;
update t1 set c2=1 where c1=897;
update t1 set c2=1 where c1=896;
update t1 set c2=1 where c1=895;
update t1 set c2=1 where c1=894;
update t1 set c2=1 where c1=893;
update t1 set c2=1 where c1=892;
update t1 set c2=1 where c1=891;
update t1 set c2=1 where c1=890;
update t1 set c2=1 where c1=889;
update t1 set c2=1 where c1=888;
update t1 set c2=1 where c1=887;
update t1 set c2=1 where c1=886;
update t1 set c2=1 where c1=885;
update t1 set c2=1 where c1=884;
update t1 set c2=1 where c1=883;
update t1 set c2=1 where c1=882;
update t1 set c2=1 where c1=881;
update t1 set c2=1 where c1=880;
update t1 set c2=1 where c1=879;
update t1 set c2=1 where c1=878;
update t1 set c2=1 where c1=877;
update t1 set c2=1 where c1=876;
update t1 set c2=1 where c1=875;
update t1 set c2=1 where c1=874;
update t1 set c2=1 where c1=873;
update t1 set c2=1 where c1=872;
update t1 set c2=1 where c1=871;
update t1 set c2=1 where c1=870;
update t1 set c2=1 where c1=869;
update t1 set c2=1 where c1=868;
update t1 set c2=1 where c1=867;
update t1 set c2=1 where c1=866;
update t1 set c2=1 where c1=865;
update t1 set c2=1 where c1=864;
update t1 set c2=1 where c1=863;
update t1 set c2=1 where c1=862;
update t1 set c2=1 where c1=861;
update t1 set c2=1 where c1=860;
update t1 set c2=1 where c1=859;
update t1 set c2=1 where c1=858;
update t1 set c2=1 where c1=857;
update t1 set c2=1 where c1=856;
update t1 set c2=1 where c1=855;
update t1 set c2=1 where c1=854;
update t1 set c2=1 where c1=853;
update t1 set c2=1 where c1=852;
update t1 set c2=1 where c1=851;
update t1 set c2=1 where c1=850;
update t1 set c2=1 where c1=849;
update t1 set c2=1 where c1=848;
update t1 set c2=1 where c1=847;
update t1 set c2=1 where c1=846;
update t1 set c2=1 where c1=845;
update t1 set c2=1 where c1=844;
update t1 set c2=1 where c1=843;
update t1 set c2=1 where c1=842;
update t1 set c2=1 where c1=841;
update t1 set c2=1 where c1=840;
update t1 set c2=1 where c1=839;
update t1 set c2=1 where c1=838;
update t1 set c2=1 where c1=837;
update t1 set c2=1 where c1=836;
update t1 set c2=1 where c1=835;
update t1 set c2=1 where c1=834;
update t1 set c2=1 where c1=833;
update t1 set c2=1 where c1=832;
update t1 set c2=1 where c1=831;
update t1 set c2=1 where c1=830;
update t1 set c2=1 where c1=829;
update t1 set c2=1 where c1=828;
update t1 set c2=1 where c1=827;
update t1 set c2=1 where c1=826;
update t1 set c2=1 where c1=825;
update t1 set c2=1 where c1=824;
update t1 set c2=1 where c1=823;
update t1 set c2=1 where c1=822;
update t1 set c2=1 where c1=821;
update t1 set c2=1 where c1=820;
update t1 set c2=1 where c1=819;
update t1 set c2=1 where c1=818;
update t1 set c2=1 where c1=817;
update t1 set c2=1 where c1=816;
update t1 set c2=1 where c1=815;
update t1 set c2=1 where c1=814;
update t1 set c2=1 where c1=813;
update t1 set c2=1 where c1=812;
update t1 set c2=1 where c1=811;
update t1 set c2=1 where c1=810;
update t1 set c2=1 where c1=809;
update t1 set c2=1 where c1=808;
update t1 set c2=1 where c1=807;
update t1 set c2=1 where c1=806;
update t1 set c2=1 where c1=805;
update t1 set c2=1 where c1=804;
update t1 set c2=1 where c1=803;
update t1 set c2=1 where c1=802;
update t1 set c2=1 where c1=801;
update t1 set c2=1 where c1=800;
update t1 set c2=1 where c1=799;
update t1 set c2=1 where c1=798;
update t1 set c2=1 where c1=797;
update t1 set c2=1 where c1=796;
update t1 set c2=1 where c1=795;
update t1 set c2=1 where c1=794;
update t1 set c2=1 where c1=793;
update t1 set c2=1 where c1=792;
update t1 set c2=1 where c1=791;
update t1 set c2=1 where c1=790;
update t1 set c2=1 where c1=789;
update t1 set c2=1 where c1=788;
update t1 set c2=1 where c1=787;
update t1 set c2=1 where c1=786;
update t1 set c2=1 where c1=785;
update t1 set c2=1 where c1=784;
update t1 set c2=1 where c1=783;
update t1 set c2=1 where c1=782;
update t1 set c2=1 where c1=781;
update t1 set c2=1 where c1=780;
update t1 set c2=1 where c1=779;
update t1 set c2=1 where c1=778;
update t1 set c2=1 where c1=777;
update t1 set c2=1 where c1=776;
update t1 set c2=1 where c1=775;
update t1 set c2=1 where c1=774;
update t1 set c2=1 where c1=773;
update t1 set c2=1 where c1=772;
update t1 set c2=1 where c1=771;
update t1 set c2=1 where c1=770;
update t1 set c2=1 where c1=769;
update t1 set c2=1 where c1=768;
update t1 set c2=1 where c1=767;
update t1 set c2=1 where c1=766;
update t1 set c2=1 where c1=765;
update t1 set c2=1 where c1=764;
update t1 set c2=1 where c1=763;
update t1 set c2=1 where c1=762;
update t1 set c2=1 where c1=761;
update t1 set c2=1 where c1=760;
update t1 set c2=1 where c1=759;
update t1 set c2=1 where c1=758;
update t1 set c2=1 where c1=757;
update t1 set c2=1 where c1=756;
update t1 set c2=1 where c1=755;
update t1 set c2=1 where c1=754;
update t1 set c2=1 where c1=753;
update t1 set c2=1 where c1=752;
update t1 set c2=1 where c1=751;
update t1 set c2=1 where c1=750;
update t1 set c2=1 where c1=749;
update t1 set c2=1 where c1=748;
update t1 set c2=1 where c1=747;
update t1 set c2=1 where c1=746;
update t1 set c2=1 where c1=745;
update t1 set c2=1 where c1=744;
update t1 set c2=1 where c1=743;
update t1 set c2=1 where c1=742;
update t1 set c2=1 where c1=741;
update t1 set c2=1 where c1=740;
update t1 set c2=1 where c1=739;
update t1 set c2=1 where c1=738;
update t1 set c2=1 where c1=737;
update t1 set c2=1 where c1=736;
update t1 set c2=1 where c1=735;
update t1 set c2=1 where c1=734;
update t1 set c2=1 where c1=733;
update t1 set c2=1 where c1=732;
update t1 set c2=1 where c1=731;
update t1 set c2=1 where c1=730;
update t1 set c2=1 where c1=729;
update t1 set c2=1 where c1=728;
update t1 set c2=1 where c1=727;
update t1 set c2=1 where c1=726;
update t1 set c2=1 where c1=725;
update t1 set c2=1 where c1=724;
update t1 set c2=1 where c1=723;
update t1 set c2=1 where c1=722;
update t1 set c2=1 where c1=721;
update t1 set c2=1 where c1=720;
update t1 set c2=1 where c1=719;
update t1 set c2=1 where c1=718;
update t1 set c2=1 where c1=717;
update t1 set c2=1 where c1=716;
update t1 set c2=1 where c1=715;
update t1 set c2=1 where c1=714;
update t1 set c2=1 where c1=713;
update t1 set c2=1 where c1=712;
update t1 set c2=1 where c1=711;
update t1 set c2=1 where c1=710;
update t1 set c2=1 where c1=709;
update t1 set c2=1 where c1=708;
update t1 set c2=1 where c1=707;
update t1 set c2=1 where c1=706;
update t1 set c2=1 where c1=705;
update t1 set c2=1 where c1=704;
update t1 set c2=1 where c1=703;
update t1 set c2=1 where c1=702;
update t1 set c2=1 where c1=701;
update t1 set c2=1 where c1=700;
update t1 set c2=1 where c1=699;
update t1 set c2=1 where c1=698;
update t1 set c2=1 where c1=697;
update t1 set c2=1 where c1=696;
update t1 set c2=1 where c1=695;
update t1 set c2=1 where c1=694;
update t1 set c2=1 where c1=693;
update t1 set c2=1 where c1=692;
update t1 set c2=1 where c1=691;
update t1 set c2=1 where c1=690;
update t1 set c2=1 where c1=689;
update t1 set c2=1 where c1=688;
update t1 set c2=1 where c1=687;
update t1 set c2=1 where c1=686;
update t1 set c2=1 where c1=685;
update t1 set c2=1 where c1=684;
update t1 set c2=1 where c1=683;
update t1 set c2=1 where c1=682;
update t1 set c2=1 where c1=681;
update t1 set c2=1 where c1=680;
update t1 set c2=1 where c1=679;
update t1 set c2=1 where c1=678;
update t1 set c2=1 where c1=677;
update t1 set c2=1 where c1=676;
update t1 set c2=1 where c1=675;
update t1 set c2=1 where c1=674;
update t1 set c2=1 where c1=673;
update t1 set c2=1 where c1=672;
update t1 set c2=1 where c1=671;
update t1 set c2=1 where c1=670;
update t1 set c2=1 where c1=669;
update t1 set c2=1 where c1=668;
update t1 set c2=1 where c1=667;
update t1 set c2=1 where c1=666;
update t1 set c2=1 where c1=665;
update t1 set c2=1 where c1=664;
update t1 set c2=1 where c1=663;
update t1 set c2=1 where c1=662;
update t1 set c2=1 where c1=661;
update t1 set c2=1 where c1=660;
update t1 set c2=1 where c1=659;
update t1 set c2=1 where c1=658;
update t1 set c2=1 where c1=657;
update t1 set c2=1 where c1=656;
update t1 set c2=1 where c1=655;
update t1 set c2=1 where c1=654;
update t1 set c2=1 where c1=653;
update t1 set c2=1 where c1=652;
update t1 set c2=1 where c1=651;
update t1 set c2=1 where c1=650;
update t1 set c2=1 where c1=649;
update t1 set c2=1 where c1=648;
update t1 set c2=1 where c1=647;
update t1 set c2=1 where c1=646;
update t1 set c2=1 where c1=645;
update t1 set c2=1 where c1=644;
update t1 set c2=1 where c1=643;
update t1 set c2=1 where c1=642;
update t1 set c2=1 where c1=641;
update t1 set c2=1 where c1=640;
update t1 set c2=1 where c1=639;
update t1 set c2=1 where c1=638;
update t1 set c2=1 where c1=637;
update t1 set c2=1 where c1=636;
update t1 set c2=1 where c1=635;
update t1 set c2=1 where c1=634;
update t1 set c2=1 where c1=633;
update t1 set c2=1 where c1=632;
update t1 set c2=1 where c1=631;
update t1 set c2=1 where c1=630;
update t1 set c2=1 where c1=629;
update t1 set c2=1 where c1=628;
update t1 set c2=1 where c1=627;
update t1 set c2=1 where c1=626;
update t1 set c2=1 where c1=625;
update t1 set c2=1 where c1=624;
update t1 set c2=1 where c1=623;
update t1 set c2=1 where c1=622;
update t1 set c2=1 where c1=621;
update t1 set c2=1 where c1=620;
update t1 set c2=1 where c1=619;
update t1 set c2=1 where c1=618;
update t1 set c2=1 where c1=617;
update t1 set c2=1 where c1=616;
update t1 set c2=1 where c1=615;
update t1 set c2=1 where c1=614;
update t1 set c2=1 where c1=613;
update t1 set c2=1 where c1=612;
update t1 set c2=1 where c1=611;
update t1 set c2=1 where c1=610;
update t1 set c2=1 where c1=609;
update t1 set c2=1 where c1=608;
update t1 set c2=1 where c1=607;
update t1 set c2=1 where c1=606;
update t1 set c2=1 where c1=605;
update t1 set c2=1 where c1=604;
update t1 set c2=1 where c1=603;
update t1 set c2=1 where c1=602;
update t1 set c2=1 where c1=601;
update t1 set c2=1 where c1=600;
update t1 set c2=1 where c1=599;
update t1 set c2=1 where c1=598;
update t1 set c2=1 where c1=597;
update t1 set c2=1 where c1=596;
update t1 set c2=1 where c1=595;
update t1 set c2=1 where c1=594;
update t1 set c2=1 where c1=593;
update t1 set c2=1 where c1=592;
update t1 set c2=1 where c1=591;
update t1 set c2=1 where c1=590;
update t1 set c2=1 where c1=589;
update t1 set c2=1 where c1=588;
update t1 set c2=1 where c1=587;
update t1 set c2=1 where c1=586;
update t1 set c2=1 where c1=585;
update t1 set c2=1 where c1=584;
update t1 set c2=1 where c1=583;
update t1 set c2=1 where c1=582;
update t1 set c2=1 where c1=581;
update t1 set c2=1 where c1=580;
update t1 set c2=1 where c1=579;
update t1 set c2=1 where c1=578;
update t1 set c2=1 where c1=577;
update t1 set c2=1 where c1=576;
update t1 set c2=1 where c1=575;
update t1 set c2=1 where c1=574;
update t1 set c2=1 where c1=573;
update t1 set c2=1 where c1=572;
update t1 set c2=1 where c1=571;
update t1 set c2=1 where c1=570;
update t1 set c2=1 where c1=569;
update t1 set c2=1 where c1=568;
update t1 set c2=1 where c1=567;
update t1 set c2=1 where c1=566;
update t1 set c2=1 where c1=565;
update t1 set c2=1 where c1=564;
update t1 set c2=1 where c1=563;
update t1 set c2=1 where c1=562;
update t1 set c2=1 where c1=561;
update t1 set c2=1 where c1=560;
update t1 set c2=1 where c1=559;
update t1 set c2=1 where c1=558;
update t1 set c2=1 where c1=557;
update t1 set c2=1 where c1=556;
update t1 set c2=1 where c1=555;
update t1 set c2=1 where c1=554;
update t1 set c2=1 where c1=553;
update t1 set c2=1 where c1=552;
update t1 set c2=1 where c1=551;
update t1 set c2=1 where c1=550;
update t1 set c2=1 where c1=549;
update t1 set c2=1 where c1=548;
update t1 set c2=1 where c1=547;
update t1 set c2=1 where c1=546;
update t1 set c2=1 where c1=545;
update t1 set c2=1 where c1=544;
update t1 set c2=1 where c1=543;
update t1 set c2=1 where c1=542;
update t1 set c2=1 where c1=541;
update t1 set c2=1 where c1=540;
update t1 set c2=1 where c1=539;
update t1 set c2=1 where c1=538;
update t1 set c2=1 where c1=537;
update t1 set c2=1 where c1=536;
update t1 set c2=1 where c1=535;
update t1 set c2=1 where c1=534;
update t1 set c2=1 where c1=533;
update t1 set c2=1 where c1=532;
update t1 set c2=1 where c1=531;
update t1 set c2=1 where c1=530;
update t1 set c2=1 where c1=529;
update t1 set c2=1 where c1=528;
update t1 set c2=1 where c1=527;
update t1 set c2=1 where c1=526;
update t1 set c2=1 where c1=525;
update t1 set c2=1 where c1=524;
update t1 set c2=1 where c1=523;
update t1 set c2=1 where c1=522;
update t1 set c2=1 where c1=521;
update t1 set c2=1 where c1=520;
update t1 set c2=1 where c1=519;
update t1 set c2=1 where c1=518;
update t1 set c2=1 where c1=517;
update t1 set c2=1 where c1=516;
update t1 set c2=1 where c1=515;
update t1 set c2=1 where c1=514;
update t1 set c2=1 where c1=513;
update t1 set c2=1 where c1=512;
update t1 set c2=1 where c1=511;
update t1 set c2=1 where c1=510;
update t1 set c2=1 where c1=509;
update t1 set c2=1 where c1=508;
update t1 set c2=1 where c1=507;
update t1 set c2=1 where c1=506;
update t1 set c2=1 where c1=505;
update t1 set c2=1 where c1=504;
update t1 set c2=1 where c1=503;
update t1 set c2=1 where c1=502;
update t1 set c2=1 where c1=501;
delete from t1 where c1=500;
delete from t1 where c1=499;
delete from t1 where c1=498;
delete from t1 where c1=497;
delete from t1 where c1=496;
delete from t1 where c1=495;
delete from t1 where c1=494;
delete from t1 where c1=493;
delete from t1 where c1=492;
delete from t1 where c1=491;
delete from t1 where c1=490;
delete from t1 where c1=489;
delete from t1 where c1=488;
delete from t1 where c1=487;
delete from t1 where c1=486;
delete from t1 where c1=485;
delete from t1 where c1=484;
delete from t1 where c1=483;
delete from t1 where c1=482;
delete from t1 where c1=481;
delete from t1 where c1=480;
delete from t1 where c1=479;
delete from t1 where c1=478;
delete from t1 where c1=477;
delete from t1 where c1=476;
delete from t1 where c1=475;
delete from t1 where c1=474;
delete from t1 where c1=473;
delete from t1 where c1=472;
delete from t1 where c1=471;
delete from t1 where c1=470;
delete from t1 where c1=469;
delete from t1 where c1=468;
delete from t1 where c1=467;
delete from t1 where c1=466;
delete from t1 where c1=465;
delete from t1 where c1=464;
delete from t1 where c1=463;
delete from t1 where c1=462;
delete from t1 where c1=461;
delete from t1 where c1=460;
delete from t1 where c1=459;
delete from t1 where c1=458;
delete from t1 where c1=457;
delete from t1 where c1=456;
delete from t1 where c1=455;
delete from t1 where c1=454;
delete from t1 where c1=453;
delete from t1 where c1=452;
delete from t1 where c1=451;
delete from t1 where c1=450;
delete from t1 where c1=449;
delete from t1 where c1=448;
delete from t1 where c1=447;
delete from t1 where c1=446;
delete from t1 where c1=445;
delete from t1 where c1=444;
delete from t1 where c1=443;
delete from t1 where c1=442;
delete from t1 where c1=441;
delete from t1 where c1=440;
delete from t1 where c1=439;
delete from t1 where c1=438;
delete from t1 where c1=437;
delete from t1 where c1=436;
delete from t1 where c1=435;
delete from t1 where c1=434;
delete from t1 where c1=433;
delete from t1 where c1=432;
delete from t1 where c1=431;
delete from t1 where c1=430;
delete from t1 where c1=429;
delete from t1 where c1=428;
delete from t1 where c1=427;
delete from t1 where c1=426;
delete from t1 where c1=425;
delete from t1 where c1=424;
delete from t1 where c1=423;
delete from t1 where c1=422;
delete from t1 where c1=421;
delete from t1 where c1=420;
delete from t1 where c1=419;
delete from t1 where c1=418;
delete from t1 where c1=417;
delete from t1 where c1=416;
delete from t1 where c1=415;
delete from t1 where c1=414;
delete from t1 where c1=413;
delete from t1 where c1=412;
delete from t1 where c1=411;
delete from t1 where c1=410;
delete from t1 where c1=409;
delete from t1 where c1=408;
delete from t1 where c1=407;
delete from t1 where c1=406;
delete from t1 where c1=405;
delete from t1 where c1=404;
delete from t1 where c1=403;
delete from t1 where c1=402;
delete from t1 where c1=401;
delete from t1 where c1=400;
delete from t1 where c1=399;
delete from t1 where c1=398;
delete from t1 where c1=397;
delete from t1 where c1=396;
delete from t1 where c1=395;
delete from t1 where c1=394;
delete from t1 where c1=393;
delete from t1 where c1=392;
delete from t1 where c1=391;
delete from t1 where c1=390;
delete from t1 where c1=389;
delete from t1 where c1=388;
delete from t1 where c1=387;
delete from t1 where c1=386;
delete from t1 where c1=385;
delete from t1 where c1=384;
delete from t1 where c1=383;
delete from t1 where c1=382;
delete from t1 where c1=381;
delete from t1 where c1=380;
delete from t1 where c1=379;
delete from t1 where c1=378;
delete from t1 where c1=377;
delete from t1 where c1=376;
delete from t1 where c1=375;
delete from t1 where c1=374;
delete from t1 where c1=373;
delete from t1 where c1=372;
delete from t1 where c1=371;
delete from t1 where c1=370;
delete from t1 where c1=369;
delete from t1 where c1=368;
delete from t1 where c1=367;
delete from t1 where c1=366;
delete from t1 where c1=365;
delete from t1 where c1=364;
delete from t1 where c1=363;
delete from t1 where c1=362;
delete from t1 where c1=361;
delete from t1 where c1=360;
delete from t1 where c1=359;
delete from t1 where c1=358;
delete from t1 where c1=357;
delete from t1 where c1=356;
delete from t1 where c1=355;
delete from t1 where c1=354;
delete from t1 where c1=353;
delete from t1 where c1=352;
delete from t1 where c1=351;
delete from t1 where c1=350;
delete from t1 where c1=349;
delete from t1 where c1=348;
delete from t1 where c1=347;
delete from t1 where c1=346;
delete from t1 where c1=345;
delete from t1 where c1=344;
delete from t1 where c1=343;
delete from t1 where c1=342;
delete from t1 where c1=341;
delete from t1 where c1=340;
delete from t1 where c1=339;
delete from t1 where c1=338;
delete from t1 where c1=337;
delete from t1 where c1=336;
delete from t1 where c1=335;
delete from t1 where c1=334;
delete from t1 where c1=333;
delete from t1 where c1=332;
delete from t1 where c1=331;
delete from t1 where c1=330;
delete from t1 where c1=329;
delete from t1 where c1=328;
delete from t1 where c1=327;
delete from t1 where c1=326;
delete from t1 where c1=325;
delete from t1 where c1=324;
delete from t1 where c1=323;
delete from t1 where c1=322;
delete from t1 where c1=321;
delete from t1 where c1=320;
delete from t1 where c1=319;
delete from t1 where c1=318;
delete from t1 where c1=317;
delete from t1 where c1=316;
delete from t1 where c1=315;
delete from t1 where c1=314;
delete from t1 where c1=313;
delete from t1 where c1=312;
delete from t1 where c1=311;
delete from t1 where c1=310;
delete from t1 where c1=309;
delete from t1 where c1=308;
delete from t1 where c1=307;
delete from t1 where c1=306;
delete from t1 where c1=305;
delete from t1 where c1=304;
delete from t1 where c1=303;
delete from t1 where c1=302;
delete from t1 where c1=301;
delete from t1 where c1=300;
delete from t1 where c1=299;
delete from t1 where c1=298;
delete from t1 where c1=297;
delete from t1 where c1=296;
delete from t1 where c1=295;
delete from t1 where c1=294;
delete from t1 where c1=293;
delete from t1 where c1=292;
delete from t1 where c1=291;
delete from t1 where c1=290;
delete from t1 where c1=289;
delete from t1 where c1=288;
delete from t1 where c1=287;
delete from t1 where c1=286;
delete from t1 where c1=285;
delete from t1 where c1=284;
delete from t1 where c1=283;
delete from t1 where c1=282;
delete from t1 where c1=281;
delete from t1 where c1=280;
delete from t1 where c1=279;
delete from t1 where c1=278;
delete from t1 where c1=277;
delete from t1 where c1=276;
delete from t1 where c1=275;
delete from t1 where c1=274;
delete from t1 where c1=273;
delete from t1 where c1=272;
delete from t1 where c1=271;
delete from t1 where c1=270;
delete from t1 where c1=269;
delete from t1 where c1=268;
delete from t1 where c1=267;
delete from t1 where c1=266;
delete from t1 where c1=265;
delete from t1 where c1=264;
delete from t1 where c1=263;
delete from t1 where c1=262;
delete from t1 where c1=261;
delete from t1 where c1=260;
delete from t1 where c1=259;
delete from t1 where c1=258;
delete from t1 where c1=257;
delete from t1 where c1=256;
delete from t1 where c1=255;
delete from t1 where c1=254;
delete from t1 where c1=253;
delete from t1 where c1=252;
delete from t1 where c1=251;
delete from t1 where c1=250;
delete from t1 where c1=249;
delete from t1 where c1=248;
delete from t1 where c1=247;
delete from t1 where c1=246;
delete from t1 where c1=245;
delete from t1 where c1=244;
delete from t1 where c1=243;
delete from t1 where c1=242;
delete from t1 where c1=241;
delete from t1 where c1=240;
delete from t1 where c1=239;
delete from t1 where c1=238;
delete from t1 where c1=237;
delete from t1 where c1=236;
delete from t1 where c1=235;
delete from t1 where c1=234;
delete from t1 where c1=233;
delete from t1 where c1=232;
delete from t1 where c1=231;
delete from t1 where c1=230;
delete from t1 where c1=229;
delete from t1 where c1=228;
delete from t1 where c1=227;
delete from t1 where c1=226;
delete from t1 where c1=225;
delete from t1 where c1=224;
delete from t1 where c1=223;
delete from t1 where c1=222;
delete from t1 where c1=221;
delete from t1 where c1=220;
delete from t1 where c1=219;
delete from t1 where c1=218;
delete from t1 where c1=217;
delete from t1 where c1=216;
delete from t1 where c1=215;
delete from t1 where c1=214;
delete from t1 where c1=213;
delete from t1 where c1=212;
delete from t1 where c1=211;
delete from t1 where c1=210;
delete from t1 where c1=209;
delete from t1 where c1=208;
delete from t1 where c1=207;
delete from t1 where c1=206;
delete from t1 where c1=205;
delete from t1 where c1=204;
delete from t1 where c1=203;
delete from t1 where c1=202;
delete from t1 where c1=201;
delete from t1 where c1=200;
delete from t1 where c1=199;
delete from t1 where c1=198;
delete from t1 where c1=197;
delete from t1 where c1=196;
delete from t1 where c1=195;
delete from t1 where c1=194;
delete from t1 where c1=193;
delete from t1 where c1=192;
delete from t1 where c1=191;
delete from t1 where c1=190;
delete from t1 where c1=189;
delete from t1 where c1=188;
delete from t1 where c1=187;
delete from t1 where c1=186;
delete from t1 where c1=185;
delete from t1 where c1=184;
delete from t1 where c1=183;
delete from t1 where c1=182;
delete from t1 where c1=181;
delete from t1 where c1=180;
delete from t1 where c1=179;
delete from t1 where c1=178;
delete from t1 where c1=177;
delete from t1 where c1=176;
delete from t1 where c1=175;
delete from t1 where c1=174;
delete from t1 where c1=173;
delete from t1 where c1=172;
delete from t1 where c1=171;
delete from t1 where c1=170;
delete from t1 where c1=169;
delete from t1 where c1=168;
delete from t1 where c1=167;
delete from t1 where c1=166;
delete from t1 where c1=165;
delete from t1 where c1=164;
delete from t1 where c1=163;
delete from t1 where c1=162;
delete from t1 where c1=161;
delete from t1 where c1=160;
delete from t1 where c1=159;
delete from t1 where c1=158;
delete from t1 where c1=157;
delete from t1 where c1=156;
delete from t1 where c1=155;
delete from t1 where c1=154;
delete from t1 where c1=153;
delete from t1 where c1=152;
delete from t1 where c1=151;
delete from t1 where c1=150;
delete from t1 where c1=149;
delete from t1 where c1=148;
delete from t1 where c1=147;
delete from t1 where c1=146;
delete from t1 where c1=145;
delete from t1 where c1=144;
delete from t1 where c1=143;
delete from t1 where c1=142;
delete from t1 where c1=141;
delete from t1 where c1=140;
delete from t1 where c1=139;
delete from t1 where c1=138;
delete from t1 where c1=137;
delete from t1 where c1=136;
delete from t1 where c1=135;
delete from t1 where c1=134;
delete from t1 where c1=133;
delete from t1 where c1=132;
delete from t1 where c1=131;
delete from t1 where c1=130;
delete from t1 where c1=129;
delete from t1 where c1=128;
delete from t1 where c1=127;
delete from t1 where c1=126;
delete from t1 where c1=125;
delete from t1 where c1=124;
delete from t1 where c1=123;
delete from t1 where c1=122;
delete from t1 where c1=121;
delete from t1 where c1=120;
delete from t1 where c1=119;
delete from t1 where c1=118;
delete from t1 where c1=117;
delete from t1 where c1=116;
delete from t1 where c1=115;
delete from t1 where c1=114;
delete from t1 where c1=113;
delete from t1 where c1=112;
delete from t1 where c1=111;
delete from t1 where c1=110;
delete from t1 where c1=109;
delete from t1 where c1=108;
delete from t1 where c1=107;
delete from t1 where c1=106;
delete from t1 where c1=105;
delete from t1 where c1=104;
delete from t1 where c1=103;
delete from t1 where c1=102;
delete from t1 where c1=101;
delete from t1 where c1=100;
delete from t1 where c1=99;
delete from t1 where c1=98;
delete from t1 where c1=97;
delete from t1 where c1=96;
delete from t1 where c1=95;
delete from t1 where c1=94;
delete from t1 where c1=93;
delete from t1 where c1=92;
delete from t1 where c1=91;
delete from t1 where c1=90;
delete from t1 where c1=89;
delete from t1 where c1=88;
delete from t1 where c1=87;
delete from t1 where c1=86;
delete from t1 where c1=85;
delete from t1 where c1=84;
delete from t1 where c1=83;
delete from t1 where c1=82;
delete from t1 where c1=81;
delete from t1 where c1=80;
delete from t1 where c1=79;
delete from t1 where c1=78;
delete from t1 where c1=77;
delete from t1 where c1=76;
delete from t1 where c1=75;
delete from t1 where c1=74;
delete from t1 where c1=73;
delete from t1 where c1=72;
delete from t1 where c1=71;
delete from t1 where c1=70;
delete from t1 where c1=69;
delete from t1 where c1=68;
delete from t1 where c1=67;
delete from t1 where c1=66;
delete from t1 where c1=65;
delete from t1 where c1=64;
delete from t1 where c1=63;
delete from t1 where c1=62;
delete from t1 where c1=61;
delete from t1 where c1=60;
delete from t1 where c1=59;
delete from t1 where c1=58;
delete from t1 where c1=57;
delete from t1 where c1=56;
delete from t1 where c1=55;
delete from t1 where c1=54;
delete from t1 where c1=53;
delete from t1 where c1=52;
delete from t1 where c1=51;
delete from t1 where c1=50;
delete from t1 where c1=49;
delete from t1 where c1=48;
delete from t1 where c1=47;
delete from t1 where c1=46;
delete from t1 where c1=45;
delete from t1 where c1=44;
delete from t1 where c1=43;
delete from t1 where c1=42;
delete from t1 where c1=41;
delete from t1 where c1=40;
delete from t1 where c1=39;
delete from t1 where c1=38;
delete from t1 where c1=37;
delete from t1 where c1=36;
delete from t1 where c1=35;
delete from t1 where c1=34;
delete from t1 where c1=33;
delete from t1 where c1=32;
delete from t1 where c1=31;
delete from t1 where c1=30;
delete from t1 where c1=29;
delete from t1 where c1=28;
delete from t1 where c1=27;
delete from t1 where c1=26;
delete from t1 where c1=25;
delete from t1 where c1=24;
delete from t1 where c1=23;
delete from t1 where c1=22;
delete from t1 where c1=21;
delete from t1 where c1=20;
delete from t1 where c1=19;
delete from t1 where c1=18;
delete from t1 where c1=17;
delete from t1 where c1=16;
delete from t1 where c1=15;
delete from t1 where c1=14;
delete from t1 where c1=13;
delete from t1 where c1=12;
delete from t1 where c1=11;
delete from t1 where c1=10;
delete from t1 where c1=9;
delete from t1 where c1=8;
delete from t1 where c1=7;
delete from t1 where c1=6;
delete from t1 where c1=5;
delete from t1 where c1=4;
delete from t1 where c1=3;
delete from t1 where c1=2;
delete from t1 where c1=1;
select * from t1 where c1=1000;
select * from t1 where c1=999;
select * from t1 where c1=998;
select * from t1 where c1=997;
select * from t1 where c1=996;
select * from t1 where c1=995;
select * from t1 where c1=994;
select * from t1 where c1=993;
select * from t1 where c1=992;
select * from t1 where c1=991;
select * from t1 where c1=990;
select * from t1 where c1=989;
select * from t1 where c1=988;
select * from t1 where c1=987;
select * from t1 where c1=986;
select * from t1 where c1=985;
select * from t1 where c1=984;
select * from t1 where c1=983;
select * from t1 where c1=982;
select * from t1 where c1=981;
select * from t1 where c1=980;
select * from t1 where c1=979;
select * from t1 where c1=978;
select * from t1 where c1=977;
select * from t1 where c1=976;
select * from t1 where c1=975;
select * from t1 where c1=974;
select * from t1 where c1=973;
select * from t1 where c1=972;
select * from t1 where c1=971;
select * from t1 where c1=970;
select * from t1 where c1=969;
select * from t1 where c1=968;
select * from t1 where c1=967;
select * from t1 where c1=966;
select * from t1 where c1=965;
select * from t1 where c1=964;
select * from t1 where c1=963;
select * from t1 where c1=962;
select * from t1 where c1=961;
select * from t1 where c1=960;
select * from t1 where c1=959;
select * from t1 where c1=958;
select * from t1 where c1=957;
select * from t1 where c1=956;
select * from t1 where c1=955;
select * from t1 where c1=954;
select * from t1 where c1=953;
select * from t1 where c1=952;
select * from t1 where c1=951;
select * from t1 where c1=950;
select * from t1 where c1=949;
select * from t1 where c1=948;
select * from t1 where c1=947;
select * from t1 where c1=946;
select * from t1 where c1=945;
select * from t1 where c1=944;
select * from t1 where c1=943;
select * from t1 where c1=942;
select * from t1 where c1=941;
select * from t1 where c1=940;
select * from t1 where c1=939;
select * from t1 where c1=938;
select * from t1 where c1=937;
select * from t1 where c1=936;
select * from t1 where c1=935;
select * from t1 where c1=934;
select * from t1 where c1=933;
select * from t1 where c1=932;
select * from t1 where c1=931;
select * from t1 where c1=930;
select * from t1 where c1=929;
select * from t1 where c1=928;
select * from t1 where c1=927;
select * from t1 where c1=926;
select * from t1 where c1=925;
select * from t1 where c1=924;
select * from t1 where c1=923;
select * from t1 where c1=922;
select * from t1 where c1=921;
select * from t1 where c1=920;
select * from t1 where c1=919;
select * from t1 where c1=918;
select * from t1 where c1=917;
select * from t1 where c1=916;
select * from t1 where c1=915;
select * from t1 where c1=914;
select * from t1 where c1=913;
select * from t1 where c1=912;
select * from t1 where c1=911;
select * from t1 where c1=910;
select * from t1 where c1=909;
select * from t1 where c1=908;
select * from t1 where c1=907;
select * from t1 where c1=906;
select * from t1 where c1=905;
select * from t1 where c1=904;
select * from t1 where c1=903;
select * from t1 where c1=902;
select * from t1 where c1=901;
select * from t1 where c1=900;
select * from t1 where c1=899;
select * from t1 where c1=898;
select * from t1 where c1=897;
select * from t1 where c1=896;
select * from t1 where c1=895;
select * from t1 where c1=894;
select * from t1 where c1=893;
select * from t1 where c1=892;
select * from t1 where c1=891;
select * from t1 where c1=890;
select * from t1 where c1=889;
select * from t1 where c1=888;
select * from t1 where c1=887;
select * from t1 where c1=886;
select * from t1 where c1=885;
select * from t1 where c1=884;
select * from t1 where c1=883;
select * from t1 where c1=882;
select * from t1 where c1=881;
select * from t1 where c1=880;
select * from t1 where c1=879;
select * from t1 where c1=878;
select * from t1 where c1=877;
select * from t1 where c1=876;
select * from t1 where c1=875;
select * from t1 where c1=874;
select * from t1 where c1=873;
select * from t1 where c1=872;
select * from t1 where c1=871;
select * from t1 where c1=870;
select * from t1 where c1=869;
select * from t1 where c1=868;
select * from t1 where c1=867;
select * from t1 where c1=866;
select * from t1 where c1=865;
select * from t1 where c1=864;
select * from t1 where c1=863;
select * from t1 where c1=862;
select * from t1 where c1=861;
select * from t1 where c1=860;
select * from t1 where c1=859;
select * from t1 where c1=858;
select * from t1 where c1=857;
select * from t1 where c1=856;
select * from t1 where c1=855;
select * from t1 where c1=854;
select * from t1 where c1=853;
select * from t1 where c1=852;
select * from t1 where c1=851;
select * from t1 where c1=850;
select * from t1 where c1=849;
select * from t1 where c1=848;
select * from t1 where c1=847;
select * from t1 where c1=846;
select * from t1 where c1=845;
select * from t1 where c1=844;
select * from t1 where c1=843;
select * from t1 where c1=842;
select * from t1 where c1=841;
select * from t1 where c1=840;
select * from t1 where c1=839;
select * from t1 where c1=838;
select * from t1 where c1=837;
select * from t1 where c1=836;
select * from t1 where c1=835;
select * from t1 where c1=834;
select * from t1 where c1=833;
select * from t1 where c1=832;
select * from t1 where c1=831;
select * from t1 where c1=830;
select * from t1 where c1=829;
select * from t1 where c1=828;
select * from t1 where c1=827;
select * from t1 where c1=826;
select * from t1 where c1=825;
select * from t1 where c1=824;
select * from t1 where c1=823;
select * from t1 where c1=822;
select * from t1 where c1=821;
select * from t1 where c1=820;
select * from t1 where c1=819;
select * from t1 where c1=818;
select * from t1 where c1=817;
select * from t1 where c1=816;
select * from t1 where c1=815;
select * from t1 where c1=814;
select * from t1 where c1=813;
select * from t1 where c1=812;
select * from t1 where c1=811;
select * from t1 where c1=810;
select * from t1 where c1=809;
select * from t1 where c1=808;
select * from t1 where c1=807;
select * from t1 where c1=806;
select * from t1 where c1=805;
select * from t1 where c1=804;
select * from t1 where c1=803;
select * from t1 where c1=802;
select * from t1 where c1=801;
select * from t1 where c1=800;
select * from t1 where c1=799;
select * from t1 where c1=798;
select * from t1 where c1=797;
select * from t1 where c1=796;
select * from t1 where c1=795;
select * from t1 where c1=794;
select * from t1 where c1=793;
select * from t1 where c1=792;
select * from t1 where c1=791;
select * from t1 where c1=790;
select * from t1 where c1=789;
select * from t1 where c1=788;
select * from t1 where c1=787;
select * from t1 where c1=786;
select * from t1 where c1=785;
select * from t1 where c1=784;
select * from t1 where c1=783;
select * from t1 where c1=782;
select * from t1 where c1=781;
select * from t1 where c1=780;
select * from t1 where c1=779;
select * from t1 where c1=778;
select * from t1 where c1=777;
select * from t1 where c1=776;
select * from t1 where c1=775;
select * from t1 where c1=774;
select * from t1 where c1=773;
select * from t1 where c1=772;
select * from t1 where c1=771;
select * from t1 where c1=770;
select * from t1 where c1=769;
select * from t1 where c1=768;
select * from t1 where c1=767;
select * from t1 where c1=766;
select * from t1 where c1=765;
select * from t1 where c1=764;
select * from t1 where c1=763;
select * from t1 where c1=762;
select * from t1 where c1=761;
select * from t1 where c1=760;
select * from t1 where c1=759;
select * from t1 where c1=758;
select * from t1 where c1=757;
select * from t1 where c1=756;
select * from t1 where c1=755;
select * from t1 where c1=754;
select * from t1 where c1=753;
select * from t1 where c1=752;
select * from t1 where c1=751;
select * from t1 where c1=750;
select * from t1 where c1=749;
select * from t1 where c1=748;
select * from t1 where c1=747;
select * from t1 where c1=746;
select * from t1 where c1=745;
select * from t1 where c1=744;
select * from t1 where c1=743;
select * from t1 where c1=742;
select * from t1 where c1=741;
select * from t1 where c1=740;
select * from t1 where c1=739;
select * from t1 where c1=738;
select * from t1 where c1=737;
select * from t1 where c1=736;
select * from t1 where c1=735;
select * from t1 where c1=734;
select * from t1 where c1=733;
select * from t1 where c1=732;
select * from t1 where c1=731;
select * from t1 where c1=730;
select * from t1 where c1=729;
select * from t1 where c1=728;
select * from t1 where c1=727;
select * from t1 where c1=726;
select * from t1 where c1=725;
select * from t1 where c1=724;
select * from t1 where c1=723;
select * from t1 where c1=722;
select * from t1 where c1=721;
select * from t1 where c1=720;
select * from t1 where c1=719;
select * from t1 where c1=718;
select * from t1 where c1=717;
select * from t1 where c1=716;
select * from t1 where c1=715;
select * from t1 where c1=714;
select * from t1 where c1=713;
select * from t1 where c1=712;
select * from t1 where c1=711;
select * from t1 where c1=710;
select * from t1 where c1=709;
select * from t1 where c1=708;
select * from t1 where c1=707;
select * from t1 where c1=706;
select * from t1 where c1=705;
select * from t1 where c1=704;
select * from t1 where c1=703;
select * from t1 where c1=702;
select * from t1 where c1=701;
select * from t1 where c1=700;
select * from t1 where c1=699;
select * from t1 where c1=698;
select * from t1 where c1=697;
select * from t1 where c1=696;
select * from t1 where c1=695;
select * from t1 where c1=694;
select * from t1 where c1=693;
select * from t1 where c1=692;
select * from t1 where c1=691;
select * from t1 where c1=690;
select * from t1 where c1=689;
select * from t1 where c1=688;
select * from t1 where c1=687;
select * from t1 where c1=686;
select * from t1 where c1=685;
select * from t1 where c1=684;
select * from t1 where c1=683;
select * from t1 where c1=682;
select * from t1 where c1=681;
select * from t1 where c1=680;
select * from t1 where c1=679;
select * from t1 where c1=678;
select * from t1 where c1=677;
select * from t1 where c1=676;
select * from t1 where c1=675;
select * from t1 where c1=674;
select * from t1 where c1=673;
select * from t1 where c1=672;
select * from t1 where c1=671;
select * from t1 where c1=670;
select * from t1 where c1=669;
select * from t1 where c1=668;
select * from t1 where c1=667;
select * from t1 where c1=666;
select * from t1 where c1=665;
select * from t1 where c1=664;
select * from t1 where c1=663;
select * from t1 where c1=662;
select * from t1 where c1=661;
select * from t1 where c1=660;
select * from t1 where c1=659;
select * from t1 where c1=658;
select * from t1 where c1=657;
select * from t1 where c1=656;
select * from t1 where c1=655;
select * from t1 where c1=654;
select * from t1 where c1=653;
select * from t1 where c1=652;
select * from t1 where c1=651;
select * from t1 where c1=650;
select * from t1 where c1=649;
select * from t1 where c1=648;
select * from t1 where c1=647;
select * from t1 where c1=646;
select * from t1 where c1=645;
select * from t1 where c1=644;
select * from t1 where c1=643;
select * from t1 where c1=642;
select * from t1 where c1=641;
select * from t1 where c1=640;
select * from t1 where c1=639;
select * from t1 where c1=638;
select * from t1 where c1=637;
select * from t1 where c1=636;
select * from t1 where c1=635;
select * from t1 where c1=634;
select * from t1 where c1=633;
select * from t1 where c1=632;
select * from t1 where c1=631;
select * from t1 where c1=630;
select * from t1 where c1=629;
select * from t1 where c1=628;
select * from t1 where c1=627;
select * from t1 where c1=626;
select * from t1 where c1=625;
select * from t1 where c1=624;
select * from t1 where c1=623;
select * from t1 where c1=622;
select * from t1 where c1=621;
select * from t1 where c1=620;
select * from t1 where c1=619;
select * from t1 where c1=618;
select * from t1 where c1=617;
select * from t1 where c1=616;
select * from t1 where c1=615;
select * from t1 where c1=614;
select * from t1 where c1=613;
select * from t1 where c1=612;
select * from t1 where c1=611;
select * from t1 where c1=610;
select * from t1 where c1=609;
select * from t1 where c1=608;
select * from t1 where c1=607;
select * from t1 where c1=606;
select * from t1 where c1=605;
select * from t1 where c1=604;
select * from t1 where c1=603;
select * from t1 where c1=602;
select * from t1 where c1=601;
select * from t1 where c1=600;
select * from t1 where c1=599;
select * from t1 where c1=598;
select * from t1 where c1=597;
select * from t1 where c1=596;
select * from t1 where c1=595;
select * from t1 where c1=594;
select * from t1 where c1=593;
select * from t1 where c1=592;
select * from t1 where c1=591;
select * from t1 where c1=590;
select * from t1 where c1=589;
select * from t1 where c1=588;
select * from t1 where c1=587;
select * from t1 where c1=586;
select * from t1 where c1=585;
select * from t1 where c1=584;
select * from t1 where c1=583;
select * from t1 where c1=582;
select * from t1 where c1=581;
select * from t1 where c1=580;
select * from t1 where c1=579;
select * from t1 where c1=578;
select * from t1 where c1=577;
select * from t1 where c1=576;
select * from t1 where c1=575;
select * from t1 where c1=574;
select * from t1 where c1=573;
select * from t1 where c1=572;
select * from t1 where c1=571;
select * from t1 where c1=570;
select * from t1 where c1=569;
select * from t1 where c1=568;
select * from t1 where c1=567;
select * from t1 where c1=566;
select * from t1 where c1=565;
select * from t1 where c1=564;
select * from t1 where c1=563;
select * from t1 where c1=562;
select * from t1 where c1=561;
select * from t1 where c1=560;
select * from t1 where c1=559;
select * from t1 where c1=558;
select * from t1 where c1=557;
select * from t1 where c1=556;
select * from t1 where c1=555;
select * from t1 where c1=554;
select * from t1 where c1=553;
select * from t1 where c1=552;
select * from t1 where c1=551;
select * from t1 where c1=550;
select * from t1 where c1=549;
select * from t1 where c1=548;
select * from t1 where c1=547;
select * from t1 where c1=546;
select * from t1 where c1=545;
select * from t1 where c1=544;
select * from t1 where c1=543;
select * from t1 where c1=542;
select * from t1 where c1=541;
select * from t1 where c1=540;
select * from t1 where c1=539;
select * from t1 where c1=538;
select * from t1 where c1=537;
select * from t1 where c1=536;
select * from t1 where c1=535;
select * from t1 where c1=534;
select * from t1 where c1=533;
select * from t1 where c1=532;
select * from t1 where c1=531;
select * from t1 where c1=530;
select * from t1 where c1=529;
select * from t1 where c1=528;
select * from t1 where c1=527;
select * from t1 where c1=526;
select * from t1 where c1=525;
select * from t1 where c1=524;
select * from t1 where c1=523;
select * from t1 where c1=522;
select * from t1 where c1=521;
select * from t1 where c1=520;
select * from t1 where c1=519;
select * from t1 where c1=518;
select * from t1 where c1=517;
select * from t1 where c1=516;
select * from t1 where c1=515;
select * from t1 where c1=514;
select * from t1 where c1=513;
select * from t1 where c1=512;
select * from t1 where c1=511;
select * from t1 where c1=510;
select * from t1 where c1=509;
select * from t1 where c1=508;
select * from t1 where c1=507;
select * from t1 where c1=506;
select * from t1 where c1=505;
select * from t1 where c1=504;
select * from t1 where c1=503;
select * from t1 where c1=502;
select * from t1 where c1=501;
select * from t1 where c1=500;
select * from t1 where c1=499;
select * from t1 where c1=498;
select * from t1 where c1=497;
select * from t1 where c1=496;
select * from t1 where c1=495;
select * from t1 where c1=494;
select * from t1 where c1=493;
select * from t1 where c1=492;
select * from t1 where c1=491;
select * from t1 where c1=490;
select * from t1 where c1=489;
select * from t1 where c1=488;
select * from t1 where c1=487;
select * from t1 where c1=486;
select * from t1 where c1=485;
select * from t1 where c1=484;
select * from t1 where c1=483;
select * from t1 where c1=482;
select * from t1 where c1=481;
select * from t1 where c1=480;
select * from t1 where c1=479;
select * from t1 where c1=478;
select * from t1 where c1=477;
select * from t1 where c1=476;
select * from t1 where c1=475;
select * from t1 where c1=474;
select * from t1 where c1=473;
select * from t1 where c1=472;
select * from t1 where c1=471;
select * from t1 where c1=470;
select * from t1 where c1=469;
select * from t1 where c1=468;
select * from t1 where c1=467;
select * from t1 where c1=466;
select * from t1 where c1=465;
select * from t1 where c1=464;
select * from t1 where c1=463;
select * from t1 where c1=462;
select * from t1 where c1=461;
select * from t1 where c1=460;
select * from t1 where c1=459;
select * from t1 where c1=458;
select * from t1 where c1=457;
select * from t1 where c1=456;
select * from t1 where c1=455;
select * from t1 where c1=454;
select * from t1 where c1=453;
select * from t1 where c1=452;
select * from t1 where c1=451;
select * from t1 where c1=450;
select * from t1 where c1=449;
select * from t1 where c1=448;
select * from t1 where c1=447;
select * from t1 where c1=446;
select * from t1 where c1=445;
select * from t1 where c1=444;
select * from t1 where c1=443;
select * from t1 where c1=442;
select * from t1 where c1=441;
select * from t1 where c1=440;
select * from t1 where c1=439;
select * from t1 where c1=438;
select * from t1 where c1=437;
select * from t1 where c1=436;
select * from t1 where c1=435;
select * from t1 where c1=434;
select * from t1 where c1=433;
select * from t1 where c1=432;
select * from t1 where c1=431;
select * from t1 where c1=430;
select * from t1 where c1=429;
select * from t1 where c1=428;
select * from t1 where c1=427;
select * from t1 where c1=426;
select * from t1 where c1=425;
select * from t1 where c1=424;
select * from t1 where c1=423;
select * from t1 where c1=422;
select * from t1 where c1=421;
select * from t1 where c1=420;
select * from t1 where c1=419;
select * from t1 where c1=418;
select * from t1 where c1=417;
select * from t1 where c1=416;
select * from t1 where c1=415;
select * from t1 where c1=414;
select * from t1 where c1=413;
select * from t1 where c1=412;
select * from t1 where c1=411;
select * from t1 where c1=410;
select * from t1 where c1=409;
select * from t1 where c1=408;
select * from t1 where c1=407;
select * from t1 where c1=406;
select * from t1 where c1=405;
select * from t1 where c1=404;
select * from t1 where c1=403;
select * from t1 where c1=402;
select * from t1 where c1=401;
select * from t1 where c1=400;
select * from t1 where c1=399;
select * from t1 where c1=398;
select * from t1 where c1=397;
select * from t1 where c1=396;
select * from t1 where c1=395;
select * from t1 where c1=394;
select * from t1 where c1=393;
select * from t1 where c1=392;
select * from t1 where c1=391;
select * from t1 where c1=390;
select * from t1 where c1=389;
select * from t1 where c1=388;
select * from t1 where c1=387;
select * from t1 where c1=386;
select * from t1 where c1=385;
select * from t1 where c1=384;
select * from t1 where c1=383;
select * from t1 where c1=382;
select * from t1 where c1=381;
select * from t1 where c1=380;
select * from t1 where c1=379;
select * from t1 where c1=378;
select * from t1 where c1=377;
select * from t1 where c1=376;
select * from t1 where c1=375;
select * from t1 where c1=374;
select * from t1 where c1=373;
select * from t1 where c1=372;
select * from t1 where c1=371;
select * from t1 where c1=370;
select * from t1 where c1=369;
select * from t1 where c1=368;
select * from t1 where c1=367;
select * from t1 where c1=366;
select * from t1 where c1=365;
select * from t1 where c1=364;
select * from t1 where c1=363;
select * from t1 where c1=362;
select * from t1 where c1=361;
select * from t1 where c1=360;
select * from t1 where c1=359;
select * from t1 where c1=358;
select * from t1 where c1=357;
select * from t1 where c1=356;
select * from t1 where c1=355;
select * from t1 where c1=354;
select * from t1 where c1=353;
select * from t1 where c1=352;
select * from t1 where c1=351;
select * from t1 where c1=350;
select * from t1 where c1=349;
select * from t1 where c1=348;
select * from t1 where c1=347;
select * from t1 where c1=346;
select * from t1 where c1=345;
select * from t1 where c1=344;
select * from t1 where c1=343;
select * from t1 where c1=342;
select * from t1 where c1=341;
select * from t1 where c1=340;
select * from t1 where c1=339;
select * from t1 where c1=338;
select * from t1 where c1=337;
select * from t1 where c1=336;
select * from t1 where c1=335;
select * from t1 where c1=334;
select * from t1 where c1=333;
select * from t1 where c1=332;
select * from t1 where c1=331;
select * from t1 where c1=330;
select * from t1 where c1=329;
select * from t1 where c1=328;
select * from t1 where c1=327;
select * from t1 where c1=326;
select * from t1 where c1=325;
select * from t1 where c1=324;
select * from t1 where c1=323;
select * from t1 where c1=322;
select * from t1 where c1=321;
select * from t1 where c1=320;
select * from t1 where c1=319;
select * from t1 where c1=318;
select * from t1 where c1=317;
select * from t1 where c1=316;
select * from t1 where c1=315;
select * from t1 where c1=314;
select * from t1 where c1=313;
select * from t1 where c1=312;
select * from t1 where c1=311;
select * from t1 where c1=310;
select * from t1 where c1=309;
select * from t1 where c1=308;
select * from t1 where c1=307;
select * from t1 where c1=306;
select * from t1 where c1=305;
select * from t1 where c1=304;
select * from t1 where c1=303;
select * from t1 where c1=302;
select * from t1 where c1=301;
select * from t1 where c1=300;
select * from t1 where c1=299;
select * from t1 where c1=298;
select * from t1 where c1=297;
select * from t1 where c1=296;
select * from t1 where c1=295;
select * from t1 where c1=294;
select * from t1 where c1=293;
select * from t1 where c1=292;
select * from t1 where c1=291;
select * from t1 where c1=290;
select * from t1 where c1=289;
select * from t1 where c1=288;
select * from t1 where c1=287;
select * from t1 where c1=286;
select * from t1 where c1=285;
select * from t1 where c1=284;
select * from t1 where c1=283;
select * from t1 where c1=282;
select * from t1 where c1=281;
select * from t1 where c1=280;
select * from t1 where c1=279;
select * from t1 where c1=278;
select * from t1 where c1=277;
select * from t1 where c1=276;
select * from t1 where c1=275;
select * from t1 where c1=274;
select * from t1 where c1=273;
select * from t1 where c1=272;
select * from t1 where c1=271;
select * from t1 where c1=270;
select * from t1 where c1=269;
select * from t1 where c1=268;
select * from t1 where c1=267;
select * from t1 where c1=266;
select * from t1 where c1=265;
select * from t1 where c1=264;
select * from t1 where c1=263;
select * from t1 where c1=262;
select * from t1 where c1=261;
select * from t1 where c1=260;
select * from t1 where c1=259;
select * from t1 where c1=258;
select * from t1 where c1=257;
select * from t1 where c1=256;
select * from t1 where c1=255;
select * from t1 where c1=254;
select * from t1 where c1=253;
select * from t1 where c1=252;
select * from t1 where c1=251;
select * from t1 where c1=250;
select * from t1 where c1=249;
select * from t1 where c1=248;
select * from t1 where c1=247;
select * from t1 where c1=246;
select * from t1 where c1=245;
select * from t1 where c1=244;
select * from t1 where c1=243;
select * from t1 where c1=242;
select * from t1 where c1=241;
select * from t1 where c1=240;
select * from t1 where c1=239;
select * from t1 where c1=238;
select * from t1 where c1=237;
select * from t1 where c1=236;
select * from t1 where c1=235;
select * from t1 where c1=234;
select * from t1 where c1=233;
select * from t1 where c1=232;
select * from t1 where c1=231;
select * from t1 where c1=230;
select * from t1 where c1=229;
select * from t1 where c1=228;
select * from t1 where c1=227;
select * from t1 where c1=226;
select * from t1 where c1=225;
select * from t1 where c1=224;
select * from t1 where c1=223;
select * from t1 where c1=222;
select * from t1 where c1=221;
select * from t1 where c1=220;
select * from t1 where c1=219;
select * from t1 where c1=218;
select * from t1 where c1=217;
select * from t1 where c1=216;
select * from t1 where c1=215;
select * from t1 where c1=214;
select * from t1 where c1=213;
select * from t1 where c1=212;
select * from t1 where c1=211;
select * from t1 where c1=210;
select * from t1 where c1=209;
select * from t1 where c1=208;
select * from t1 where c1=207;
select * from t1 where c1=206;
select * from t1 where c1=205;
select * from t1 where c1=204;
select * from t1 where c1=203;
select * from t1 where c1=202;
select * from t1 where c1=201;
select * from t1 where c1=200;
select * from t1 where c1=199;
select * from t1 where c1=198;
select * from t1 where c1=197;
select * from t1 where c1=196;
select * from t1 where c1=195;
select * from t1 where c1=194;
select * from t1 where c1=193;
select * from t1 where c1=192;
select * from t1 where c1=191;
select * from t1 where c1=190;
select * from t1 where c1=189;
select * from t1 where c1=188;
select * from t1 where c1=187;
select * from t1 where c1=186;
select * from t1 where c1=185;
select * from t1 where c1=184;
select * from t1 where c1=183;
select * from t1 where c1=182;
select * from t1 where c1=181;
select * from t1 where c1=180;
select * from t1 where c1=179;
select * from t1 where c1=178;
select * from t1 where c1=177;
select * from t1 where c1=176;
select * from t1 where c1=175;
select * from t1 where c1=174;
select * from t1 where c1=173;
select * from t1 where c1=172;
select * from t1 where c1=171;
select * from t1 where c1=170;
select * from t1 where c1=169;
select * from t1 where c1=168;
select * from t1 where c1=167;
select * from t1 where c1=166;
select * from t1 where c1=165;
select * from t1 where c1=164;
select * from t1 where c1=163;
select * from t1 where c1=162;
select * from t1 where c1=161;
select * from t1 where c1=160;
select * from t1 where c1=159;
select * from t1 where c1=158;
select * from t1 where c1=157;
select * from t1 where c1=156;
select * from t1 where c1=155;
select * from t1 where c1=154;
select * from t1 where c1=153;
select * from t1 where c1=152;
select * from t1 where c1=151;
select * from t1 where c1=150;
select * from t1 where c1=149;
select * from t1 where c1=148;
select * from t1 where c1=147;
select * from t1 where c1=146;
select * from t1 where c1=145;
select * from t1 where c1=144;
select * from t1 where c1=143;
select * from t1 where c1=142;
select * from t1 where c1=141;
select * from t1 where c1=140;
select * from t1 where c1=139;
select * from t1 where c1=138;
select * from t1 where c1=137;
select * from t1 where c1=136;
select * from t1 where c1=135;
select * from t1 where c1=134;
select * from t1 where c1=133;
select * from t1 where c1=132;
select * from t1 where c1=131;
select * from t1 where c1=130;
select * from t1 where c1=129;
select * from t1 where c1=128;
select * from t1 where c1=127;
select * from t1 where c1=126;
select * from t1 where c1=125;
select * from t1 where c1=124;
select * from t1 where c1=123;
select * from t1 where c1=122;
select * from t1 where c1=121;
select * from t1 where c1=120;
select * from t1 where c1=119;
select * from t1 where c1=118;
select * from t1 where c1=117;
select * from t1 where c1=116;
select * from t1 where c1=115;
select * from t1 where c1=114;
select * from t1 where c1=113;
select * from t1 where c1=112;
select * from t1 where c1=111;
select * from t1 where c1=110;
select * from t1 where c1=109;
select * from t1 where c1=108;
select * from t1 where c1=107;
select * from t1 where c1=106;
select * from t1 where c1=105;
select * from t1 where c1=104;
select * from t1 where c1=103;
select * from t1 where c1=102;
select * from t1 where c1=101;
select * from t1 where c1=100;
select * from t1 where c1=99;
select * from t1 where c1=98;
select * from t1 where c1=97;
select * from t1 where c1=96;
select * from t1 where c1=95;
select * from t1 where c1=94;
select * from t1 where c1=93;
select * from t1 where c1=92;
select * from t1 where c1=91;
select * from t1 where c1=90;
select * from t1 where c1=89;
select * from t1 where c1=88;
select * from t1 where c1=87;
select * from t1 where c1=86;
select * from t1 where c1=85;
select * from t1 where c1=84;
select * from t1 where c1=83;
select * from t1 where c1=82;
select * from t1 where c1=81;
select * from t1 where c1=80;
select * from t1 where c1=79;
select * from t1 where c1=78;
select * from t1 where c1=77;
select * from t1 where c1=76;
select * from t1 where c1=75;
select * from t1 where c1=74;
select * from t1 where c1=73;
select * from t1 where c1=72;
select * from t1 where c1=71;
select * from t1 where c1=70;
select * from t1 where c1=69;
select * from t1 where c1=68;
select * from t1 where c1=67;
select * from t1 where c1=66;
select * from t1 where c1=65;
select * from t1 where c1=64;
select * from t1 where c1=63;
select * from t1 where c1=62;
select * from t1 where c1=61;
select * from t1 where c1=60;
select * from t1 where c1=59;
select * from t1 where c1=58;
select * from t1 where c1=57;
select * from t1 where c1=56;
select * from t1 where c1=55;
select * from t1 where c1=54;
select * from t1 where c1=53;
select * from t1 where c1=52;
select * from t1 where c1=51;
select * from t1 where c1=50;
select * from t1 where c1=49;
select * from t1 where c1=48;
select * from t1 where c1=47;
select * from t1 where c1=46;
select * from t1 where c1=45;
select * from t1 where c1=44;
select * from t1 where c1=43;
select * from t1 where c1=42;
select * from t1 where c1=41;
select * from t1 where c1=40;
select * from t1 where c1=39;
select * from t1 where c1=38;
select * from t1 where c1=37;
select * from t1 where c1=36;
select * from t1 where c1=35;
select * from t1 where c1=34;
select * from t1 where c1=33;
select * from t1 where c1=32;
select * from t1 where c1=31;
select * from t1 where c1=30;
select * from t1 where c1=29;
select * from t1 where c1=28;
select * from t1 where c1=27;
select * from t1 where c1=26;
select * from t1 where c1=25;
select * from t1 where c1=24;
select * from t1 where c1=23;
select * from t1 where c1=22;
select * from t1 where c1=21;
select * from t1 where c1=20;
select * from t1 where c1=19;
select * from t1 where c1=18;
select * from t1 where c1=17;
select * from t1 where c1=16;
select * from t1 where c1=15;
select * from t1 where c1=14;
select * from t1 where c1=13;
select * from t1 where c1=12;
select * from t1 where c1=11;
select * from t1 where c1=10;
select * from t1 where c1=9;
select * from t1 where c1=8;
select * from t1 where c1=7;
select * from t1 where c1=6;
select * from t1 where c1=5;
select * from t1 where c1=4;
select * from t1 where c1=3;
select * from t1 where c1=2;
select * from t1 where c1=1;
drop table t100;
drop table t99;
drop table t98;
drop table t97;
drop table t96;
drop table t95;
drop table t94;
drop table t93;
drop table t92;
drop table t91;
drop table t90;
drop table t89;
drop table t88;
drop table t87;
drop table t86;
drop table t85;
drop table t84;
drop table t83;
drop table t82;
drop table t81;
drop table t80;
drop table t79;
drop table t78;
drop table t77;
drop table t76;
drop table t75;
drop table t74;
drop table t73;
drop table t72;
drop table t71;
drop table t70;
drop table t69;
drop table t68;
drop table t67;
drop table t66;
drop table t65;
drop table t64;
drop table t63;
drop table t62;
drop table t61;
drop table t60;
drop table t59;
drop table t58;
drop table t57;
drop table t56;
drop table t55;
drop table t54;
drop table t53;
drop table t52;
drop table t51;
drop table t50;
drop table t49;
drop table t48;
drop table t47;
drop table t46;
drop table t45;
drop table t44;
drop table t43;
drop table t42;
drop table t41;
drop table t40;
drop table t39;
drop table t38;
drop table t37;
drop table t36;
drop table t35;
drop table t34;
drop table t33;
drop table t32;
drop table t31;
drop table t30;
drop table t29;
drop table t28;
drop table t27;
drop table t26;
drop table t25;
drop table t24;
drop table t23;
drop table t22;
drop table t21;
drop table t20;
drop table t19;
drop table t18;
drop table t17;
drop table t16;
drop table t15;
drop table t14;
drop table t13;
drop table t12;
drop table t11;
drop table t10;
drop table t9;
drop table t8;
drop table t7;
drop table t6;
drop table t5;
drop table t4;
drop table t3;
drop table t2;
drop table t1;
master cluster
value>0
1
1
1
1
slave cluster
value>0
1
1
1
1
master cluster replace count
value>0
1
1
1
1
slave cluster replace count
value>0
0
0
0
0
master cluster insert count
value>0
1
1
1
1
slave cluster insert count
value>0
0
0
0
0
master cluster update count
value>0
1
1
1
1
slave cluster update count
value>0
0
0
0
0
master cluster delete count
value>0
1
1
1
1
slave cluster delete count
value>0
0
0
0
0
master cluster select count
value>0
1
1
1
1
slave cluster select count
value>0
1
1
1
1
master cluster create table count
value>0
1
1
1
1
slave cluster create table count
value>0
0
0
0
0
master cluster drop table count
value>0
1
1
1
1
slave cluster drop table count
value>0
0
0
0
0
