ob1=OBI(cluster=1244)
ob1.reboot
ob1.prepare
ob1.start_check
create table t1(c1 int primary key,c2 int);
insert into t1 values(1,1),(2,2),(3,3),(4,4);
select * from t1;
c1	c2
1	1
2	2
3	3
4	4
ob1.fs0.stop
ob1.stop_check
ob1.fs0.nstart
ob1.ms0.stop
ob1.start_check
insert into t1 values(5,1),(6,2),(7,3),(8,4);
select * from t1;
c1	c2
1	1
2	2
3	3
4	4
5	1
6	2
7	3
8	4
ob1.stop_check
