drop table if exists t1;
create table t1(pk int primary key, n1 int, n2 int, s char(20), vs varchar(20), t varchar(256));
insert into t1 values (1,1,11, 'one','eleven', 'eleven'),
(2,1,11, 'one','eleven', 'eleven'),
(3,2,11, 'two','eleven', 'eleven'),
(4,2,12, 'two','twevle', 'twelve'),
(5,2,13, 'two','thirteen', 'foo'),
(6,2,13, 'two','thirteen', 'foo'),
(7,2,13, 'two','thirteen', 'bar'),
(8,NULL,13, 'two','thirteen', 'bar'),
(9,2,NULL, 'two','thirteen', 'bar'),
(10,2,13, NULL,'thirteen', 'bar'),
(11,2,13, 'two',NULL, 'bar'),
(12,2,13, 'two','thirteen', NULL);
select distinct n1 from t1;
n1
1
2
NULL
select count(distinct n1) from t1;
count(distinct n1)
2
select distinct n2 from t1;
n2
11
12
13
NULL
select count(distinct n2) from t1;
count(distinct n2)
3
select distinct s from t1;
s
one
two
NULL
select count(distinct s) from t1;
count(distinct s)
2
select distinct vs from t1;
vs
eleven
thirteen
twevle
NULL
select count(distinct vs) from t1;
count(distinct vs)
3
select distinct t from t1;
t
bar
eleven
foo
twelve
NULL
select count(distinct t) from t1;
count(distinct t)
4
select distinct n1,n2 from t1;
n1	n2
1	11
2	11
2	12
2	13
2	NULL
NULL	13
select count(distinct n1,n2) from t1;
ERROR 42000: You have an error in your SQL syntax; check the manual that corresponds to your OceanBase version for the right syntax to use near ',n2) from t1' at line 1
select distinct n1,s from t1;
n1	s
1	one
2	two
2	NULL
NULL	two
select count(distinct n1,s) from t1;
ERROR 42000: You have an error in your SQL syntax; check the manual that corresponds to your OceanBase version for the right syntax to use near ',s) from t1' at line 1
select distinct s,n1,vs from t1;
s	n1	vs
one	1	eleven
two	2	eleven
two	2	thirteen
two	2	twevle
two	2	NULL
two	NULL	thirteen
NULL	2	thirteen
select count(distinct s,n1,vs) from t1;
ERROR 42000: You have an error in your SQL syntax; check the manual that corresponds to your OceanBase version for the right syntax to use near ',n1,vs) from t1' at line 1
select distinct s,t from t1;
s	t
one	eleven
two	bar
two	eleven
two	foo
two	twelve
two	NULL
NULL	bar
select count(distinct n1), count(distinct n2) from t1;
count(distinct n1)	count(distinct n2)
2	3
select count(distinct n2), n1 from t1 group by n1;
count(distinct n2)	n1
1	1
3	2
1	NULL
