drop table if exists t1,t2;
create table t1(
a1 char(3) primary key,
a2 int,
a3 char(3),
a4 float,
a5 datetime
);
create table t2(
a1 char(3) primary key,
a2 char(17),
a3 char(2),
a4 char(3)
);
insert into t1 values('AME',0,'SEA',0.100,date'1942-02-19');
insert into t1 values('HBR',1,'SEA',0.085,date'1948-03-05');
insert into t1 values('BOT',2,'SEA',0.085,date'1951-11-29');
insert into t1 values('BMC',3,'SEA',0.085,date'1958-09-08');
insert into t1 values('TWU',0,'LAX',0.080,date'1969-10-05');
insert into t1 values('BDL',0,'DEN',0.080,date'1960-11-27');
insert into t1 values('DTX',1,'NYC',0.080,date'1961-05-04');
insert into t1 values('PLS',1,'WDC',0.075,date'1949-01-02');
insert into t1 values('ZAJ',2,'CHI',0.075,date'1960-06-15');
insert into t1 values('VVV',2,'MIN',0.075,date'1959-06-28');
insert into t1 values('GTM',3,'DAL',0.070,date'1977-09-23');
insert into t1 values('SSJ',null,'CHI',null,date'1974-03-19');
insert into t1 values('KKK',3,'ATL',null,null);
insert into t1 values('XXX',null,'MIN',null,null);
insert into t1 values('WWW',1,'LED',null,null);
insert into t2 values('TKF','Seattle','WA','AME');
insert into t2 values('LCC','Los Angeles','CA','TWU');
insert into t2 values('DEN','Denver','CO','BDL');
insert into t2 values('SDC','San Diego','CA','TWU');
insert into t2 values('NOL','New Orleans','LA','GTM');
insert into t2 values('LAK','Los Angeles','CA','TWU');
insert into t2 values('AAA','AAA','AA','AME');
select * from t1;
a1	a2	a3	a4	a5
AME	0	SEA	0.1	1942-02-19 00:00:00
BDL	0	DEN	0.08	1960-11-27 00:00:00
BMC	3	SEA	0.085	1958-09-08 00:00:00
BOT	2	SEA	0.085	1951-11-29 00:00:00
DTX	1	NYC	0.08	1961-05-04 00:00:00
GTM	3	DAL	0.07	1977-09-23 00:00:00
HBR	1	SEA	0.085	1948-03-05 00:00:00
KKK	3	ATL	NULL	NULL
PLS	1	WDC	0.075	1949-01-02 00:00:00
SSJ	NULL	CHI	NULL	1974-03-19 00:00:00
TWU	0	LAX	0.08	1969-10-05 00:00:00
VVV	2	MIN	0.075	1959-06-28 00:00:00
WWW	1	LED	NULL	NULL
XXX	NULL	MIN	NULL	NULL
ZAJ	2	CHI	0.075	1960-06-15 00:00:00
select * from t2;
a1	a2	a3	a4
AAA	AAA	AA	AME
DEN	Denver	CO	BDL
LAK	Los Angeles	CA	TWU
LCC	Los Angeles	CA	TWU
NOL	New Orleans	LA	GTM
SDC	San Diego	CA	TWU
TKF	Seattle	WA	AME
select min(a1) from t1;
min(a1)
AME
select max(a4) from t1;
max(a4)
0.1
select min(a5), max(a5) from t1;
min(a5)	max(a5)
1942-02-19 00:00:00	1977-09-23 00:00:00
select min(a3) from t1 where a2 = 2;
min(a3)
CHI
select min(a1), max(a1) from t1 where a4 = 0.080;
min(a1)	max(a1)
NULL	NULL
select min(a1) from t1 where a1 > 'KKK';
min(a1)
PLS
select min(a1) from t1 where a1 >= 'KKK';
min(a1)
KKK
select max(a3) from t1 where a2 = 2 and a3 < 'SEA';
max(a3)
MIN
select max(a5) from t1 where a5 < date'1970-01-01';
max(a5)
1969-10-05 00:00:00
select max(a3) from t1 where a2 is null;
max(a3)
MIN
select max(a3) from t1 where a2 = 0 and a3 between 'K' and 'Q';
max(a3)
LAX
select min(a1), max(a1) from t1 where a1 between 'A' and 'P';
min(a1)	max(a1)
AME	KKK
select max(a3) from t1 where a3 < 'SEA' and a2 = 2 and a3 <= 'MIN';
max(a3)
MIN
select max(a3) from t1 where a3 = 'MIN' and a2 = 2;
max(a3)
MIN
select max(a3) from t1 where a3 = 'DEN' and a2 = 2;
max(a3)
NULL
select max(a3) from t1 where a2 is null and a2 = 2;
max(a3)
NULL
select max(a2) from t1 where a2 >= 1;
max(a2)
3
select min(a3) from t1 where a2 = 2 and a3 < 'SEA';
min(a3)
CHI
select min(a3) from t1 where a2 = 4;
min(a3)
NULL
select min(a3) from t1 where a2 = 2 and a3 > 'SEA';
min(a3)
NULL
select (min(a4)+max(a4))/2 from t1;
(min(a4)+max(a4))/2
0.085
select min(a3) from t1 where 2 = a2;
min(a3)
CHI
select max(a3) from t1 where a2 = 2 and 'SEA' > a3;
max(a3)
MIN
select max(a3) from t1 where a2 = 2 and 'SEA' < a3;
max(a3)
NULL
select min(a3) from t1 where a2 = 2 and a3 >= 'CHI';
min(a3)
CHI
select min(a3) from t1 where a2 = 2 and a3 >= 'CHI' and a3 < 'SEA';
min(a3)
CHI
select min(a3) from t1 where a2 = 2 and a3 >= 'CHI' and a3 = 'MIN';
min(a3)
MIN
select min(a3) from t1 where a2 = 2 and a3 >= 'SEA' and a3 = 'MIN';
min(a3)
NULL
select min(a1) from t1 where a1 > 'KKK' or a1 < 'XXX';
min(a1)
AME
select min(a1) from t1 where a1 != 'KKK';
min(a1)
AME
select max(a3) from t1 where a2 < 2 and a3 < 'SEA';
max(a3)
NYC
select min(a4 - 0.01) from t1;
min(a4 - 0.01)
0.06000000029802322
select max(a4 + 0.01) from t1;
max(a4 + 0.01)
0.11000000149011611
select min(a3) from t1 where (a2 +1 ) is null;
min(a3)
CHI
select min(a3) from t1 where (a2 + 1) = 2;
min(a3)
LED
select min(a3) from t1 where 2 = (a2 + 1);
min(a3)
LED
select min(a2) from t1 where a2 < 2 * a2 - 8;
min(a2)
NULL
select min(a1) from t1  where a1 between a3 and 'KKK';
min(a1)
GTM
select min(a4) from t1  where (a4 + 0.01) between 0.07 and 0.08;
min(a4)
NULL
drop table t1, t2;
