drop table if exists t1, t2;
select 1 in (1,2,3);
1 in (1,2,3)
1
select 10 in (1,2,3);
10 in (1,2,3)
0
select NULL in (1,2,3);
NULL in (1,2,3)
0
select 1 in (1,NULL,3);
1 in (1,NULL,3)
1
select 3 in (1,NULL,3);
3 in (1,NULL,3)
1
select 10 in (1,NULL,3);
10 in (1,NULL,3)
0
select 1.5 in (1.5,2.5,3.5);
1.5 in (1.5,2.5,3.5)
1
select 10.5 in (1.5,2.5,3.5);
10.5 in (1.5,2.5,3.5)
0
select NULL in (1.5,2.5,3.5);
NULL in (1.5,2.5,3.5)
0
select 1.5 in (1.5,NULL,3.5);
1.5 in (1.5,NULL,3.5)
1
select 3.5 in (1.5,NULL,3.5);
3.5 in (1.5,NULL,3.5)
1
select 10.5 in (1.5,NULL,3.5);
10.5 in (1.5,NULL,3.5)
0
CREATE TABLE t1 (pk int primary key, a int, b int, c int);
insert into t1 values (1,1,2,3), (2,1,NULL,3);
select 1 in (a,b,c) from t1;
1 in (a,b,c)
1
1
select 3 in (a,b,c) from t1;
3 in (a,b,c)
1
1
select 10 in (a,b,c) from t1;
10 in (a,b,c)
0
0
select NULL in (a,b,c) from t1;
NULL in (a,b,c)
0
0
drop table t1;
CREATE TABLE t1 (pk int primary key,a float, b float, c float);
insert into t1 values (1,1.5,2.5,3.5), (2,1.5,NULL,3.5);
select 1.5 in (a,b,c) from t1;
1.5 in (a,b,c)
1
1
select 3.5 in (a,b,c) from t1;
3.5 in (a,b,c)
1
1
select 10.5 in (a,b,c) from t1;
10.5 in (a,b,c)
0
0
drop table t1;
CREATE TABLE t1 (pk int primary key,a varchar(10), b varchar(10), c varchar(10));
insert into t1 values (1, 'A','BC','EFD'), (2, 'A',NULL,'EFD');
select 'A' in (a,b,c) from t1;
'A' in (a,b,c)
1
1
select 'EFD' in (a,b,c) from t1;
'EFD' in (a,b,c)
1
1
select 'XSFGGHF' in (a,b,c) from t1;
'XSFGGHF' in (a,b,c)
0
0
drop table t1;
CREATE TABLE t1 (pk int primary key,field char(1));
INSERT INTO t1 VALUES (1,'A'),(2,NULL);
SELECT * from t1 WHERE field IN (NULL);
pk	field
SELECT * from t1 where field = field;
pk	field
1	A
SELECT * FROM t1;
pk	field
1	A
2	NULL
drop table t1;
create table t1 (id int primary key, b int);
insert into t1 values (1,0),(2,0),(3,0),(4,0),(5,0),(6,0),(7,0),(8,0),(9,0);
select * from t1 where id in (2,5,9);
id	b
2	0
5	0
9	0
drop table t1;
create table t1 (id int, b int default 0, primary key(id));
insert into t1(id) values (1),(2),(3);
select count(*) from t1 where id not in (1);
count(*)
2
select count(*) from t1 where id not in (1,2);
count(*)
1
drop table t1;
create table t1 (
some_id int,
b       int default 0,
primary key (some_id)
);
insert into t1(some_id) values (1),(2);
select some_id from t1 where some_id not in(2,-1);
some_id
1
select some_id from t1 where some_id not in(-4,-1,-4);
some_id
1
2
select some_id from t1 where some_id not in(-4,-1,3423534,2342342);
some_id
1
2
select some_id from t1 where some_id not in('-1', '0');
some_id
1
2
drop table t1;
create table t1 (id int, b int default 0, primary key(id));
insert into t1(id) values (1),(2),(3);
select count(*) from t1 where id in (1,1,2,2,3);
count(*)
3
select count(*) from t1 where id in (1,2,1);
count(*)
2
select count(*) from t1 where id not in(1,1,2);
count(*)
1
select count(*) from t1 where id not in(1,2,1,3);
count(*)
0
drop table t1;
