drop table if exists t1,t2,t3;
CREATE TABLE t1 (
bug_id int,
groupset int,
assigned_to int,
bug_file_loc varchar(256),
bug_severity varchar(50),
bug_status varchar(50),
creation_ts datetime ,
delta_ts timestamp,
short_desc varchar(256),
long_desc varchar(256),
op_sys varchar(50),
priority varchar(2),
product varchar(64) ,
rep_platform varchar(10),
reporter int,
version varchar(16) ,
component varchar(50) ,
resolution varchar(20),
target_milestone varchar(20) ,
qa_contact int ,
status_whiteboard varchar(256),
votes int ,
PRIMARY KEY (bug_id)
);
INSERT INTO t1 VALUES (1,0,0,'','normal','','2000-02-10 09:25:12',20000321114747,'','','Linux','P1','TestProduct','PC',3,'other','TestComponent','','M1',0,'',0);
INSERT INTO t1 VALUES (9,0,0,'','enhancement','','2000-03-10 11:49:36',20000321114747,'','','All','P5','AAAAA','PC',3,'2.00 CD - Pre','BBBBBBBBBBBBB - conversion','','',0,'',0);
INSERT INTO t1 VALUES (10,0,0,'','enhancement','','2000-03-10 18:10:16',20000321114747,'','','All','P4','AAAAA','PC',3,'2.00 CD - Pre','BBBBBBBBBBBBB - conversion','','',0,'',0);
INSERT INTO t1 VALUES (7,0,0,'','critical','','2000-03-09 10:50:21',20000321114747,'','','All','P1','AAAAA','PC',3,'2.00 CD - Pre','BBBBBBBBBBBBB - generic','','',0,'',0);
INSERT INTO t1 VALUES (6,0,0,'','normal','','2000-03-09 10:42:44',20000321114747,'','','All','P2','AAAAA','PC',3,'2.00 CD - Pre','kkkkkkkkkkk lllllllllll','','',0,'',0);
INSERT INTO t1 VALUES (8,0,0,'','major','','2000-03-09 11:32:14',20000321114747,'','','All','P3','AAAAA','PC',3,'2.00 CD - Pre','kkkkkkkkkkk lllllllllll','','',0,'',0);
INSERT INTO t1 VALUES (5,0,0,'','enhancement','','2000-03-09 10:38:59',20000321114747,'','','All','P5','CCC/CCCCCC','PC',5,'7.00','Administration','','',0,'',0);
INSERT INTO t1 VALUES (4,0,0,'','normal','','2000-03-08 18:32:14',20000321114747,'','','other','P2','TestProduct','Other',3,'other','TestComponent2','','',0,'',0);
INSERT INTO t1 VALUES (3,0,0,'','normal','','2000-03-08 18:30:52',20000321114747,'','','other','P2','TestProduct','Other',3,'other','TestComponent','','',0,'',0);
INSERT INTO t1 VALUES (2,0,0,'','enhancement','','2000-03-08 18:24:51',20000321114747,'','','All','P2','TestProduct','Other',4,'other','TestComponent2','','',0,'',0);
INSERT INTO t1 VALUES (11,0,0,'','blocker','','2000-03-13 09:43:41',20000321114747,'','','All','P2','CCC/CCCCCC','PC',5,'7.00','DDDDDDDDD','','',0,'',0);
INSERT INTO t1 VALUES (12,0,0,'','normal','','2000-03-13 16:14:31',20000321114747,'','','All','P2','AAAAA','PC',3,'2.00 CD - Pre','kkkkkkkkkkk lllllllllll','','',0,'',0);
INSERT INTO t1 VALUES (13,0,0,'','normal','','2000-03-15 16:20:44',20000321114747,'','','other','P2','TestProduct','Other',3,'other','TestComponent','','',0,'',0);
INSERT INTO t1 VALUES (14,0,0,'','blocker','','2000-03-15 18:13:47',20000321114747,'','','All','P1','AAAAA','PC',3,'2.00 CD - Pre','BBBBBBBBBBBBB - generic','','',0,'',0);
INSERT INTO t1 VALUES (15,0,0,'','minor','','2000-03-16 18:03:28',20000321114747,'','','All','P2','CCC/CCCCCC','Other',5,'7.00','DDDDDDDDD','','',0,'',0);
INSERT INTO t1 VALUES (16,0,0,'','normal','','2000-03-16 18:33:41',20000321114747,'','','All','P2','CCC/CCCCCC','Other',5,'7.00','Administration','','',0,'',0);
INSERT INTO t1 VALUES (17,0,0,'','normal','','2000-03-16 18:34:18',20000321114747,'','','All','P2','CCC/CCCCCC','Other',5,'7.00','Administration','','',0,'',0);
INSERT INTO t1 VALUES (18,0,0,'','normal','','2000-03-16 18:34:56',20000321114747,'','','All','P2','CCC/CCCCCC','Other',5,'7.00','Administration','','',0,'',0);
INSERT INTO t1 VALUES (19,0,0,'','enhancement','','2000-03-16 18:35:34',20000321114747,'','','All','P2','CCC/CCCCCC','Other',5,'7.00','Administration','','',0,'',0);
INSERT INTO t1 VALUES (20,0,0,'','enhancement','','2000-03-16 18:36:23',20000321114747,'','','All','P2','CCC/CCCCCC','Other',5,'7.00','Administration','','',0,'',0);
INSERT INTO t1 VALUES (21,0,0,'','enhancement','','2000-03-16 18:37:23',20000321114747,'','','All','P2','CCC/CCCCCC','Other',5,'7.00','Administration','','',0,'',0);
INSERT INTO t1 VALUES (22,0,0,'','enhancement','','2000-03-16 18:38:16',20000321114747,'','','All','P2','CCC/CCCCCC','Other',5,'7.00','Administration','','',0,'',0);
INSERT INTO t1 VALUES (23,0,0,'','normal','','2000-03-16 18:58:12',20000321114747,'','','All','P2','CCC/CCCCCC','Other',5,'7.00','DDDDDDDDD','','',0,'',0);
INSERT INTO t1 VALUES (24,0,0,'','normal','','2000-03-17 11:08:10',20000321114747,'','','All','P2','AAAAAAAA-AAA','PC',3,'2.8','Web Interface','','',0,'',0);
INSERT INTO t1 VALUES (25,0,0,'','normal','','2000-03-17 11:10:45',20000321114747,'','','All','P2','AAAAAAAA-AAA','PC',3,'2.8','Web Interface','','',0,'',0);
INSERT INTO t1 VALUES (26,0,0,'','normal','','2000-03-17 11:15:47',20000321114747,'','','All','P2','AAAAAAAA-AAA','PC',3,'2.8','Web Interface','','',0,'',0);
INSERT INTO t1 VALUES (27,0,0,'','normal','','2000-03-17 17:45:41',20000321114747,'','','All','P2','CCC/CCCCCC','PC',5,'7.00','DDDDDDDDD','','',0,'',0);
INSERT INTO t1 VALUES (28,0,0,'','normal','','2000-03-20 09:51:45',20000321114747,'','','Windows NT','P2','TestProduct','PC',8,'other','TestComponent','','',0,'',0);
INSERT INTO t1 VALUES (29,0,0,'','normal','','2000-03-20 11:15:09',20000321114747,'','','All','P5','AAAAAAAA-AAA','PC',3,'2.8','Web Interface','','',0,'',0);
CREATE TABLE t2 (
value varchar(32) primary key,
program varchar(64),
initialowner varchar(64) NOT NULL,
initialqacontact varchar(64) NOT NULL,
description varchar(64) NOT NULL
);
INSERT INTO t2 VALUES ('TestComponent','TestProduct','id0001','','');
INSERT INTO t2 VALUES ('BBBBBBBBBBBBB - conversion','AAAAA','id0001','','');
INSERT INTO t2 VALUES ('BBBBBBBBBBBBB - generic','AAAAA','id0001','','');
INSERT INTO t2 VALUES ('TestComponent2','TestProduct','id0001','','');
INSERT INTO t2 VALUES ('BBBBBBBBBBBBB - eeeeeeeee','AAAAA','id0001','','');
INSERT INTO t2 VALUES ('kkkkkkkkkkk lllllllllll','AAAAA','id0001','','');
INSERT INTO t2 VALUES ('Test Procedures','AAAAA','id0001','','');
INSERT INTO t2 VALUES ('Documentation','AAAAA','id0003','','');
INSERT INTO t2 VALUES ('DDDDDDDDD','CCC/CCCCCC','id0002','','');
INSERT INTO t2 VALUES ('Eeeeeeee Lite','CCC/CCCCCC','id0002','','');
INSERT INTO t2 VALUES ('Eeeeeeee Full','CCC/CCCCCC','id0002','','');
INSERT INTO t2 VALUES ('Administration','CCC/CCCCCC','id0002','','');
INSERT INTO t2 VALUES ('Distribution','CCC/CCCCCC','id0002','','');
INSERT INTO t2 VALUES ('Setup','CCC/CCCCCC','id0002','','');
INSERT INTO t2 VALUES ('Unspecified','CCC/CCCCCC','id0002','','');
INSERT INTO t2 VALUES ('Web Interface','AAAAAAAA-AAA','id0001','','');
INSERT INTO t2 VALUES ('Host communication','AAAAA','id0001','','');
select value,description,bug_id from t2 left join t1 on t2.program=t1.product where program='AAAAA';
value	description	bug_id
BBBBBBBBBBBBB - conversion		14
BBBBBBBBBBBBB - conversion		12
BBBBBBBBBBBBB - conversion		10
BBBBBBBBBBBBB - conversion		9
BBBBBBBBBBBBB - conversion		8
BBBBBBBBBBBBB - conversion		6
BBBBBBBBBBBBB - conversion		7
BBBBBBBBBBBBB - eeeeeeeee		14
BBBBBBBBBBBBB - eeeeeeeee		12
BBBBBBBBBBBBB - eeeeeeeee		10
BBBBBBBBBBBBB - eeeeeeeee		9
BBBBBBBBBBBBB - eeeeeeeee		8
BBBBBBBBBBBBB - eeeeeeeee		6
BBBBBBBBBBBBB - eeeeeeeee		7
BBBBBBBBBBBBB - generic		14
BBBBBBBBBBBBB - generic		12
BBBBBBBBBBBBB - generic		10
BBBBBBBBBBBBB - generic		9
BBBBBBBBBBBBB - generic		8
BBBBBBBBBBBBB - generic		6
BBBBBBBBBBBBB - generic		7
Documentation		14
Documentation		12
Documentation		10
Documentation		9
Documentation		8
Documentation		6
Documentation		7
Host communication		14
Host communication		12
Host communication		10
Host communication		9
Host communication		8
Host communication		6
Host communication		7
Test Procedures		14
Test Procedures		12
Test Procedures		10
Test Procedures		9
Test Procedures		8
Test Procedures		6
Test Procedures		7
kkkkkkkkkkk lllllllllll		14
kkkkkkkkkkk lllllllllll		12
kkkkkkkkkkk lllllllllll		10
kkkkkkkkkkk lllllllllll		9
kkkkkkkkkkk lllllllllll		8
kkkkkkkkkkk lllllllllll		6
kkkkkkkkkkk lllllllllll		7
select value,description,count(bug_id) from t2 left join t1 on t2.program=t1.product where program='AAAAA' group by value;
value	description	count(bug_id)
BBBBBBBBBBBBB - conversion		7
BBBBBBBBBBBBB - eeeeeeeee		7
BBBBBBBBBBBBB - generic		7
Documentation		7
Host communication		7
Test Procedures		7
kkkkkkkkkkk lllllllllll		7
select value,description,count(bug_id) from t2 left join t1 on t2.program=t1.product  where program='AAAAA' group by value having count(bug_id) IN (0,2);
value	description	count(bug_id)
drop table t1,t2;
