create table t (c1 int primary key, c2 int);
insert into t values(1,2),(3,4),(5,6);
select /*+ read_consistency(weak)*/ * from t;
c1	c2
1	2
3	4
5	6
select /*+ read_consistency(weak)*/ * from t where c1=1;
c1	c2
1	2
select /*+ read_consistency(strong)*/ * from t where c1=1;
c1	c2
1	2
select  /*+ READ_CONSISTENCY(STATIC)*/ * from t;
c1	c2
select  /*+ READ_CONSISTENCY(STRONG)*/ * from t;
c1	c2
1	2
3	4
5	6
select  /*+ READ_CONSISTENCY(WEAK)*/ * from t;
c1	c2
1	2
3	4
5	6
select  /*+ READ_CONSISTENCY(FROZEN)*/ * from t;
c1	c2
update /*+ hotspot */ t set c2 = 1 where c1=1;
update /*+ hotspot */ t set c2 = 1 where c1 = 1 when row_count(update t set c2=3 where c1=3)>0;
update t set c2 = 1 where c1 = 1 when row_count(update /*+ hotspot */ t set c2=3 where c1=3)>0;
drop table t;
