using database test;
drop table if exists ie_tables_join_1,ie_tables_join_2,ie_tables_join_3;
create table ie_tables_join_1
(
i0 int,
i1 int,
dc decimal(20,4),
ts timestamp,
primary key(i0)
);
create table ie_tables_join_2
(
i0 int,
i1 int,
dc decimal(20,4),
ts timestamp,
primary key(i0)
);
create table ie_tables_join_3
(
i0 int,
i1 int,
dc decimal(20,4),
ts timestamp,
primary key(i0)
);
select * from ie_tables_join_1;
i0	i1	dc	ts
0	646188396	65528.4700	2006-06-14 14:44:20
1	906548064	51197.4600	2005-10-15 06:20:58
2	237586123	3978.4900	2002-05-13 00:21:53
3	313961238	73227.5300	2002-05-24 00:05:38
4	1147846294	78771.8400	2005-07-11 23:23:26
select * from ie_tables_join_2;
i0	i1	dc	ts
1	223261508	86366.2900	2009-03-22 14:20:51
2	683013541	62390.0500	2015-11-17 11:03:26
3	600069862	53051.3200	2006-07-02 23:12:02
4	761818517	33818.4000	2010-07-18 17:56:10
5	1340241428	98173.3200	2001-06-09 15:27:01
6	1487101158	94729.5400	2011-12-27 14:45:32
7	479173871	34052.3200	2011-05-17 20:45:45
8	1291697235	26542.2600	2004-07-19 23:29:57
9	1150100101	71325.5700	2001-01-24 04:28:00
10	610563017	65203.0400	2002-07-24 22:12:45
select * from ie_tables_join_3;
i0	i1	dc	ts
3	1565624305	52228.0700	2012-09-21 01:07:11
4	936735969	30360.0300	2005-06-21 13:18:40
5	2008910080	15767.9100	2012-06-27 08:13:54
6	1405279113	28588.8400	2015-11-20 12:03:16
7	2122043738	48073.9400	2001-12-26 13:52:07
8	60999253	82720.2000	2000-07-11 07:44:26
9	1019283828	4842.0100	2001-08-20 10:22:56
10	569728959	74378.0900	2010-07-25 02:28:46
11	1627688762	24228.0800	2004-01-07 22:23:29
12	978587448	66830.3000	2000-06-18 02:39:13
373227.530032006-07-02 23:12:02.0000003
478771.840042010-07-18 17:56:10.0000004
