case 1: continue insert
drop table if exists t1;
create table t1(pk int primary key, c1 int);
prepare stmt from insert into t1 values(?,?);
set autocommit=0;
set @a=1;
set @b=1;
execute stmt using @a,@b;
set @a=2;
set @b=2;
execute stmt using @a,@b;
set @a=3;
set @b=3;
execute stmt using @a,@b;
set @a=4;
set @b=4;
execute stmt using @a,@b;
commit;
set autocommit=1;
select * from t1;
pk	c1
1	1
2	2
3	3
4	4
case 2:
drop table if exists t2;
create table t2(pk int primary key, c1 int);
prepare stmt from insert into t2 values(?,?),(?,?);
set autocommit=0;
set @a=1;
set @b=1;
set @c=2;
set @d=2;
execute stmt using @a,@b,@c,@d;
set @a=3;
set @b=3;
set @c=1;
set @d=1;
execute stmt using @a,@b,@c,@d;
ERROR 23000: Duplicate entry ' <3002.16>=int32:1' for key 'PRIMARY'
rollback;
set autocommit=1;
select * from t2;
pk	c1
