drop table if exists t1;
create table t1 (i1 int, v2 varchar(20), f3 float, d4 datetime, primary key(i1));
insert into t1 values(1,'a',1.3,'2013-05-30 01:00:00'),(2,'b',2.3,'2013-05-30 02:00:00'),(3,'c',3.3,'2013-05-30 03:00:00'),(4,'d',4.3,'2013-05-30 04:00:00');
replace into t1 values(1,'a1',1.4,'2013-05-30 01:10:00');
replace into t1 values(5,'e',5.3,'2013-05-30 05:00:00');
select * from t1;
i1	v2	f3	d4
1	a1	1.4	2013-05-30 01:10:00
2	b	2.3	2013-05-30 02:00:00
3	c	3.3	2013-05-30 03:00:00
4	d	4.3	2013-05-30 04:00:00
5	e	5.3	2013-05-30 05:00:00
replace into t1(i1) values(2);
replace into t1(i1) values(6);
replace into t1(i1,v2)values(1,'a2');
replace into t1(i1,f3)values(2,2.4);
replace into t1(i1,d4)values(3,'2013-05-30 03:10:00');
select * from t1;
i1	v2	f3	d4
1	a2	1.4	2013-05-30 01:10:00
2	b	2.4	2013-05-30 02:00:00
3	c	3.3	2013-05-30 03:10:00
4	d	4.3	2013-05-30 04:00:00
5	e	5.3	2013-05-30 05:00:00
6	NULL	NULL	NULL
drop table t1;
create table t1 (i1 int, v2 varchar(20), f3 float, d4 datetime, primary key(i1));
insert into t1(i1,v2,f3,d4) values(1,'a',1.3,'2013-05-30 01:00:00'),(2,'b',2.3,'2013-05-30 02:00:00'),(3,'c',3.3,'2013-05-30 03:00:00'),(4,'d',4.3,'2013-05-30 04:00:00');
replace into t1 values(1,'a1',1.4,'2013-05-30 01:10:00'),(5,'e',5.3,'2013-05-30 05:00:00'),(3,'c1',3.4,'2013-05-30 03:10:00'),(6,'f',6.3,'2013-05-30 06:00:00'),(7,'e',7.3,'2013-05-30 07:00:00');
select * from t1;
i1	v2	f3	d4
1	a1	1.4	2013-05-30 01:10:00
2	b	2.3	2013-05-30 02:00:00
3	c1	3.4	2013-05-30 03:10:00
4	d	4.3	2013-05-30 04:00:00
5	e	5.3	2013-05-30 05:00:00
6	f	6.3	2013-05-30 06:00:00
7	e	7.3	2013-05-30 07:00:00
replace into t1 values(2,'b1',2.4,'2013-05-30 02:10:00'),(2,'b',2.3,'2013-05-30 02:00:00'),(8,'f',8.3,'2013-05-30 08:00:00'),(8,'f1',8.3,'2013-05-30 08:10:00');
select * from t1;
i1	v2	f3	d4
1	a1	1.4	2013-05-30 01:10:00
2	b	2.3	2013-05-30 02:00:00
3	c1	3.4	2013-05-30 03:10:00
4	d	4.3	2013-05-30 04:00:00
5	e	5.3	2013-05-30 05:00:00
6	f	6.3	2013-05-30 06:00:00
7	e	7.3	2013-05-30 07:00:00
8	f1	8.3	2013-05-30 08:10:00
replace into t1(i1) values(2),(3);
replace into t1(i1) values(6),(6);
replace into t1(i1,v2)values(1,'a2'),(9,'g'),(1,'a3'),(9,'g1');
replace into t1(i1,f3)values(2,2.4),(10,10.3),(2,2.5),(10,10.4);
replace into t1(i1,d4)values(3,'2013-05-30 03:10:00'),(11,'2013-05-30 11:00:00'),(3,'2013-05-30 03:20:00'),(11,'2013-05-30 11:10:00');
select * from t1;
i1	v2	f3	d4
1	a3	1.4	2013-05-30 01:10:00
2	b	2.5	2013-05-30 02:00:00
3	c1	3.4	2013-05-30 03:20:00
4	d	4.3	2013-05-30 04:00:00
5	e	5.3	2013-05-30 05:00:00
6	f	6.3	2013-05-30 06:00:00
7	e	7.3	2013-05-30 07:00:00
8	f1	8.3	2013-05-30 08:10:00
9	g1	NULL	NULL
10	NULL	10.4	NULL
11	NULL	NULL	2013-05-30 11:10:00
drop table t1;
create table t1 (i1 int, v2 varchar(20), f3 float, d4 datetime, primary key(i1,v2));
insert into t1 values(1,'a',1.3,'2013-05-30 01:00:00'),(2,'b',2.3,'2013-05-30 02:00:00'),(3,'c',3.3,'2013-05-30 03:00:00'),(4,'d',4.3,'2013-05-30 04:00:00');
replace into t1 values(1,'a',1.4,'2013-05-30 01:10:00');
replace into t1 values(5,'e',5.3,'2013-05-30 05:00:00');
select * from t1;
i1	v2	f3	d4
1	a	1.4	2013-05-30 01:10:00
2	b	2.3	2013-05-30 02:00:00
3	c	3.3	2013-05-30 03:00:00
4	d	4.3	2013-05-30 04:00:00
5	e	5.3	2013-05-30 05:00:00
replace into t1(i1,v2) values(2,'b');
replace into t1(i1,v2) values(6,'f');
replace into t1(i1,v2,f3)values(1,'a',1.5);
replace into t1(i1,v2,d4)values(3,'c','2013-05-30 03:10:00');
select * from t1;
i1	v2	f3	d4
1	a	1.5	2013-05-30 01:10:00
2	b	2.3	2013-05-30 02:00:00
3	c	3.3	2013-05-30 03:10:00
4	d	4.3	2013-05-30 04:00:00
5	e	5.3	2013-05-30 05:00:00
6	f	NULL	NULL
drop table t1;
create table t1 (i1 int, v2 varchar(20), f3 float, d4 datetime, primary key(i1,v2));
insert into t1 values(1,'a',1.3,'2013-05-30 01:00:00'),(2,'b',2.3,'2013-05-30 02:00:00'),(3,'c',3.3,'2013-05-30 03:00:00'),(4,'d',4.3,'2013-05-30 04:00:00');
replace into t1 values(1,'a',1.4,'2013-05-30 01:10:00'),(5,'e',5.3,'2013-05-30 05:00:00'),(3,'c',3.4,'2013-05-30 03:10:00'),(6,'f',6.3,'2013-05-30 06:00:00'),(7,'e',7.3,'2013-05-30 07:00:00');
select * from t1;
i1	v2	f3	d4
1	a	1.4	2013-05-30 01:10:00
2	b	2.3	2013-05-30 02:00:00
3	c	3.4	2013-05-30 03:10:00
4	d	4.3	2013-05-30 04:00:00
5	e	5.3	2013-05-30 05:00:00
6	f	6.3	2013-05-30 06:00:00
7	e	7.3	2013-05-30 07:00:00
replace into t1 values(2,'b',2.4,'2013-05-30 02:10:00'),(2,'b',2.3,'2013-05-30 02:00:00'),(8,'f',8.3,'2013-05-30 08:00:00'),(8,'f',8.4,'2013-05-30 08:10:00');
select * from t1;
i1	v2	f3	d4
1	a	1.4	2013-05-30 01:10:00
2	b	2.3	2013-05-30 02:00:00
3	c	3.4	2013-05-30 03:10:00
4	d	4.3	2013-05-30 04:00:00
5	e	5.3	2013-05-30 05:00:00
6	f	6.3	2013-05-30 06:00:00
7	e	7.3	2013-05-30 07:00:00
8	f	8.4	2013-05-30 08:10:00
replace into t1(i1,v2) values(2,'b'),(3,'c');
replace into t1(i1,v2) values(9,'g'),(9,'g');
replace into t1(i1,v2,f3)values(1,'a',1.5),(9,'g',9.3),(1,'a',1.6),(9,'g',9.4);
replace into t1(i1,v2,d4)values(3,'c','2013-05-30 03:10:00'),(10,'j','2013-05-30 11:00:00'),(3,'c','2013-05-30 03:20:00'),(10,'j','2013-05-30 11:10:00');
select * from t1;
i1	v2	f3	d4
1	a	1.6	2013-05-30 01:10:00
2	b	2.3	2013-05-30 02:00:00
3	c	3.4	2013-05-30 03:20:00
4	d	4.3	2013-05-30 04:00:00
5	e	5.3	2013-05-30 05:00:00
6	f	6.3	2013-05-30 06:00:00
7	e	7.3	2013-05-30 07:00:00
8	f	8.4	2013-05-30 08:10:00
9	g	9.4	NULL
10	j	NULL	2013-05-30 11:10:00
drop table t1;
