drop table if exists t1;
create table t1 (i1 int, v2 varchar(20), f3 float, d4 datetime, primary key(i1));
insert into t1(i1,v2,f3,d4) values(1,'a',1.3,'2013-05-30 01:00:00'),(2,'b',2.3,'2013-05-30 02:00:00'),(3,'c',3.3,'2013-05-30 03:00:00'),(4,'d',4.3,'2013-05-30 04:00:00');
prepare stmt from replace into t1 values(?,?,?,?);
set @a=1;
set @b='a1';
set @c=1.4;
set @d='2013-05-30 01:10:00';
execute stmt using @a,@b,@c,@d;
select * from t1;
i1	v2	f3	d4
1	a1	1.4	2013-05-30 01:10:00
2	b	2.3	2013-05-30 02:00:00
3	c	3.3	2013-05-30 03:00:00
4	d	4.3	2013-05-30 04:00:00
set @a=5;
set @b='e';
set @c=5.3;
set @d='2013-05-30 05:00:00';
execute stmt using @a,@b,@c,@d;
select * from t1;
i1	v2	f3	d4
1	a1	1.4	2013-05-30 01:10:00
2	b	2.3	2013-05-30 02:00:00
3	c	3.3	2013-05-30 03:00:00
4	d	4.3	2013-05-30 04:00:00
5	e	5.3	2013-05-30 05:00:00
drop table t1;
create table t1 (i1 int, v2 varchar(20), f3 float, d4 datetime, primary key(i1));
insert into t1(i1,v2,f3,d4) values(1,'a',1.3,'2013-05-30 01:00:00'),(2,'b',2.3,'2013-05-30 02:00:00'),(3,'c',3.3,'2013-05-30 03:00:00'),(4,'d',4.3,'2013-05-30 04:00:00');
prepare stmt from replace into t1(i1,v2,f3,d4) values(1,?,?,?);
set @b='a1';
set @c=1.4;
set @d='2013-05-30 01:10:00';
execute stmt using @b,@c,@d;
select * from t1;
i1	v2	f3	d4
1	a1	1.4	2013-05-30 01:10:00
2	b	2.3	2013-05-30 02:00:00
3	c	3.3	2013-05-30 03:00:00
4	d	4.3	2013-05-30 04:00:00
drop table t1;
create table t1 (i1 int, v2 varchar(20), f3 float, d4 datetime, primary key(i1));
insert into t1(i1,v2,f3,d4) values(1,'a',1.3,'2013-05-30 01:00:00'),(2,'b',2.3,'2013-05-30 02:00:00'),(3,'c',3.3,'2013-05-30 03:00:00'),(4,'d',4.3,'2013-05-30 04:00:00');
prepare stmt from replace into t1(i1,v2,f3,d4) values(?,?,?,?),(?,?,?,?);
set @a=2;
set @b='b1';
set @c=2.4;
set @d='2013-05-30 02:10:00';
set @e=5;
set @f='e';
set @g=5.3;
set @h='2013-05-30 05:00:00';
execute stmt using @a,@b,@c,@d,@e,@f,@g,@h;
select * from t1;
i1	v2	f3	d4
1	a	1.3	2013-05-30 01:00:00
2	b1	2.4	2013-05-30 02:10:00
3	c	3.3	2013-05-30 03:00:00
4	d	4.3	2013-05-30 04:00:00
5	e	5.3	2013-05-30 05:00:00
set @a=5;
set @b='e1';
set @c=5.4;
set @d='2013-05-30 05:10:00';
set @a=5;
set @b='e2';
set @c=5.5;
set @d='2013-05-30 05:20:00';
execute stmt using @a,@b,@c,@d,@e,@f,@g,@h;
select * from t1;
i1	v2	f3	d4
1	a	1.3	2013-05-30 01:00:00
2	b1	2.4	2013-05-30 02:10:00
3	c	3.3	2013-05-30 03:00:00
4	d	4.3	2013-05-30 04:00:00
5	e	5.3	2013-05-30 05:00:00
drop table t1;
create table t1 (i1 int, v2 varchar(20), f3 float, d4 datetime, primary key(i1));
insert into t1(i1,v2,f3,d4) values(1,'a',1.3,'2013-05-30 01:00:00'),(2,'b',2.3,'2013-05-30 02:00:00'),(3,'c',3.3,'2013-05-30 03:00:00'),(4,'d',4.3,'2013-05-30 04:00:00');
prepare stmt from replace into t1(i1,v2,f3,d4) values(1,?,?,?),(5,?,?,?);
set @b='b1';
set @c=2.4;
set @d='2013-05-30 02:10:00';
set @f='e';
set @g=5.3;
set @h='2013-05-30 05:00:00';
execute stmt using @b,@c,@d,@f,@g,@h;
select * from t1;
i1	v2	f3	d4
1	b1	2.4	2013-05-30 02:10:00
2	b	2.3	2013-05-30 02:00:00
3	c	3.3	2013-05-30 03:00:00
4	d	4.3	2013-05-30 04:00:00
5	e	5.3	2013-05-30 05:00:00
drop table t1;
