create database b;
using database b;
drop table if exists t1,t2,t3,t4;
create table t1 (id int primary key, c1 varchar(10), c2 int);
insert into t1 values (1,'a',2);
insert into t1 values (2,'b',3);
insert into t1 values (3,'c',4);
insert into t1 values (4,'d',2);
create table t2 (id int primary key, c1 int, c2 varchar(20), c3 int);
insert into t2 values (2,3,'a',1);
insert into t2 values (3,4,'d',4);
create table t3 (id varchar(20) primary key, c1 int, c2 int, c3 int, c4 int);
insert into t3 values ('f',2,3,8,98);
insert into t3 values ('m',1,4,3,100);
create table t4 (id int primary key, c1 int, c2 int, c3 int);
insert into t4 values (2,3,1,22);
insert into t4 values (1,3,1,22);
insert into t4 values (4,7,11,21);
select /*+ join(bloomfilter_join) */ * from t4 left join t3 on t4.id=t3.c1 left join t2 on t2.id=t3.c1 inner join t1 on t1.c2=t2.c1 and (t1.id=t2.c3 or t1.c2=t2.id);
id	c1	c2	c3	id	c1	c2	c3	c4	id	c1	c2	c3	id	c1	c2
select /*+ join(bloomfilter_join) */ * from t4 right join t3 on t4.id=t3.c1 left join t2 on t2.id=t3.c1 inner join t1 on t1.c2=t2.c1 and (t1.id=t2.c3 or t1.c2=t2.id);
id	c1	c2	c3	id	c1	c2	c3	c4	id	c1	c2	c3	id	c1	c2
select /*+ join(bloomfilter_join) */ * from t4 right join t3 on t4.id=t3.c1 right join t2 on t2.id=t3.c1 full join t1 on t1.c2=t2.c1 and (t1.id=t2.c3 or t1.c2=t2.id);
id	c1	c2	c3	id	c1	c2	c3	c4	id	c1	c2	c3	id	c1	c2
select /*+ join(bloomfilter_join) */ * from t4 right join t3 on t4.id=t3.c1 right join t2 on t2.id=t3.c1 inner join t1 on t1.c2=t2.c1 and (t1.id=t2.c3 or t1.c2=t2.id);
id	c1	c2	c3	id	c1	c2	c3	c4	id	c1	c2	c3	id	c1	c2
select /*+ join(bloomfilter_join) */ * from t1 left join t2 on t1.c1=t2.c1 and (t1.c2=t2.c2 or t1.id=t2.c3);
id	c1	c2	id	c1	c2	c3
1	a	2	NULL	NULL	NULL	NULL
2	b	3	NULL	NULL	NULL	NULL
3	c	4	NULL	NULL	NULL	NULL
4	d	2	NULL	NULL	NULL	NULL
select /*+ join(bloomfilter_join) */ * from t1 inner join t2 on t1.c1=t2.c1 and (t1.c2=t2.c2 or t1.id=t2.c3);
id	c1	c2	id	c1	c2	c3
select /*+ join(bloomfilter_join) */ * from t1 full join t2 on t1.c1=t2.c1 and (t1.c2=t2.c2 or t1.id=t2.c3);
id	c1	c2	id	c1	c2	c3
select /*+ join(bloomfilter_join) */ * from t1 right join t2 on t1.c1=t2.c1 and (t1.c2=t2.c2 or t1.id=t2.c3);
id	c1	c2	id	c1	c2	c3
NULL	NULL	NULL	2	3	a	1
NULL	NULL	NULL	3	4	d	4
drop table t1,t2,t3,t4;
