drop table if exists persons,orders,t2;
create table persons (id_p int primary key, lastname varchar(20), firstname varchar(20), address varchar(20), city varchar(20));
insert into persons values(1,'a','a1','a2', 'a3');
insert into persons values(2,'b','b1','b2', 'b3');
insert into persons values(3,'c','c1','c2', 'c3');
create table orders(id_o int primary key, orderno int, id_p int);
insert into orders values(1,1111,3);
insert into orders values(2,2222,3);
insert into orders values(3,3333,1);
insert into orders values(4,4444,1);
insert into orders values(5,5555,65);
create table t2 (
id int,
category int,
county int,
state int,
phones int,
nophones int,
primary key (id)
);
insert into t2 values (3,2,11,12,5400,7800);
insert into t2 values (4,2,25,12,6500,11200);
insert into t2 values (5,1,37,6,10000,12000);
select /*+ join(si) */ * from persons left join orders on persons.id_p=orders.id_p;
id_p	lastname	firstname	address	city	id_o	orderno	id_p
1	a	a1	a2	a3	3	3333	1
1	a	a1	a2	a3	4	4444	1
2	b	b1	b2	b3	NULL	NULL	NULL
3	c	c1	c2	c3	1	1111	3
3	c	c1	c2	c3	2	2222	3
select /*+ join(si) */ * from persons right join orders on persons.id_p=orders.id_o;
ERROR HY000: OB-5205: semi join:function is on the way!
select /* +join(si) */ * from persons full join orders on persons.id_p=orders.id_o left join t2 on orders.id_o=t2.id;
id_p	lastname	firstname	address	city	id_o	orderno	id_p	id	category	county	state	phones	nophones
1	a	a1	a2	a3	1	1111	3	NULL	NULL	NULL	NULL	NULL	NULL
2	b	b1	b2	b3	2	2222	3	NULL	NULL	NULL	NULL	NULL	NULL
3	c	c1	c2	c3	3	3333	1	3	2	11	12	5400	7800
NULL	NULL	NULL	NULL	NULL	4	4444	1	4	2	25	12	6500	11200
NULL	NULL	NULL	NULL	NULL	5	5555	65	5	1	37	6	10000	12000
select /*+ join(merge_join) */ * from persons left join orders on persons.id_p=orders.id_p;
id_p	lastname	firstname	address	city	id_o	orderno	id_p
1	a	a1	a2	a3	3	3333	1
1	a	a1	a2	a3	4	4444	1
2	b	b1	b2	b3	NULL	NULL	NULL
3	c	c1	c2	c3	1	1111	3
3	c	c1	c2	c3	2	2222	3
select /*+ join(merge_join) */ * from persons right join orders on persons.id_p=orders.id_o;
id_p	lastname	firstname	address	city	id_o	orderno	id_p
1	a	a1	a2	a3	1	1111	3
2	b	b1	b2	b3	2	2222	3
3	c	c1	c2	c3	3	3333	1
NULL	NULL	NULL	NULL	NULL	4	4444	1
NULL	NULL	NULL	NULL	NULL	5	5555	65
select /* +join(merge_join) */ * from persons full join orders on persons.id_p=orders.id_o left join t2 on orders.id_o=t2.id;
id_p	lastname	firstname	address	city	id_o	orderno	id_p	id	category	county	state	phones	nophones
1	a	a1	a2	a3	1	1111	3	NULL	NULL	NULL	NULL	NULL	NULL
2	b	b1	b2	b3	2	2222	3	NULL	NULL	NULL	NULL	NULL	NULL
3	c	c1	c2	c3	3	3333	1	3	2	11	12	5400	7800
NULL	NULL	NULL	NULL	NULL	4	4444	1	4	2	25	12	6500	11200
NULL	NULL	NULL	NULL	NULL	5	5555	65	5	1	37	6	10000	12000
drop table orders,persons,t2;
