create database b;
using database b;
drop table if exists persons,orders,t2,t3,t1;
create table persons (id_p int primary key, lastname varchar(20), firstname varchar(20), address varchar(20), city varchar(20));
insert into persons values(1,'a','a1','a2', 'a3');
insert into persons values(2,'b','b1','b2', 'b3');
insert into persons values(3,'c','c1','c2', 'c3');
create table orders(id_o int primary key, orderno int, id_p int);
insert into orders values(1,1111,3);
insert into orders values(2,2222,3);
insert into orders values(3,3333,1);
insert into orders values(4,4444,1);
insert into orders values(5,5555,65);
create table t2 (
id int,
category int,
county int,
state int,
phones int,
nophones int,
primary key (id)
);
insert into t2 values (3,2,11,12,5400,7800);
insert into t2 values (4,2,25,12,6500,11200);
insert into t2 values (5,1,37,6,10000,12000);
create table t3 (
id int,
name varchar(255) default NULL,
primary key (id)
);
insert into t3 values (1,'s1'),(2,'s2'),(3,'s3'),(4,'s4'),(5,'s5');
CREATE TABLE t1 (
id int,
count int ,
qty int,
phone char(1) ,
stamp datetime ,
PRIMARY KEY (id)
);
INSERT INTO t1 VALUES (21,3,7800,'n','1999-12-23 17:22:21');
INSERT INTO t1 VALUES (22,4,5000,'y','1999-12-23 17:22:21');
INSERT INTO t1 VALUES (18,3,13200,'b','1999-12-23 11:58:04');
INSERT INTO t1 VALUES (17,4,15000,'b','1999-12-23 11:36:53');
INSERT INTO t1 VALUES (16,3,13200,'b','1999-12-23 11:36:53');
INSERT INTO t1 VALUES (26,5,1500,'b','1999-12-27 09:44:24');
INSERT INTO t1 VALUES (24,3,5400,'y','1999-12-23 17:29:12');
INSERT INTO t1 VALUES (25,4,6500,'y','1999-12-23 17:29:12');
INSERT INTO t1 VALUES (27,3,6200,'b','1999-12-27 09:44:24');
INSERT INTO t1 VALUES (28,3,5400,'y','1999-12-27 09:44:36');
INSERT INTO t1 VALUES (29,4,17700,'b','1999-12-27 09:45:05');
select /*+ join(bloomfilter_join) */ * from t1 left join orders on t1.qty=orders.id_p;
id	count	qty	phone	stamp	id_o	orderno	id_p
26	5	1500	b	1999-12-27 09:44:24	NULL	NULL	NULL
22	4	5000	y	1999-12-23 17:22:21	NULL	NULL	NULL
24	3	5400	y	1999-12-23 17:29:12	NULL	NULL	NULL
28	3	5400	y	1999-12-27 09:44:36	NULL	NULL	NULL
27	3	6200	b	1999-12-27 09:44:24	NULL	NULL	NULL
25	4	6500	y	1999-12-23 17:29:12	NULL	NULL	NULL
21	3	7800	n	1999-12-23 17:22:21	NULL	NULL	NULL
16	3	13200	b	1999-12-23 11:36:53	NULL	NULL	NULL
18	3	13200	b	1999-12-23 11:58:04	NULL	NULL	NULL
17	4	15000	b	1999-12-23 11:36:53	NULL	NULL	NULL
29	4	17700	b	1999-12-27 09:45:05	NULL	NULL	NULL
select /*+ join(bloomfilter_join) */ * from t1 right join orders on t1.qty=orders.id_p;
id	count	qty	phone	stamp	id_o	orderno	id_p
NULL	NULL	NULL	NULL	NULL	3	3333	1
NULL	NULL	NULL	NULL	NULL	4	4444	1
NULL	NULL	NULL	NULL	NULL	1	1111	3
NULL	NULL	NULL	NULL	NULL	2	2222	3
NULL	NULL	NULL	NULL	NULL	5	5555	65
select /*+ join(bloomfilter_join) */ * from t1 full join orders on t1.qty=orders.id_p;
id	count	qty	phone	stamp	id_o	orderno	id_p
NULL	NULL	NULL	NULL	NULL	3	3333	1
NULL	NULL	NULL	NULL	NULL	4	4444	1
NULL	NULL	NULL	NULL	NULL	1	1111	3
NULL	NULL	NULL	NULL	NULL	2	2222	3
NULL	NULL	NULL	NULL	NULL	5	5555	65
26	5	1500	b	1999-12-27 09:44:24	NULL	NULL	NULL
22	4	5000	y	1999-12-23 17:22:21	NULL	NULL	NULL
24	3	5400	y	1999-12-23 17:29:12	NULL	NULL	NULL
28	3	5400	y	1999-12-27 09:44:36	NULL	NULL	NULL
27	3	6200	b	1999-12-27 09:44:24	NULL	NULL	NULL
25	4	6500	y	1999-12-23 17:29:12	NULL	NULL	NULL
21	3	7800	n	1999-12-23 17:22:21	NULL	NULL	NULL
16	3	13200	b	1999-12-23 11:36:53	NULL	NULL	NULL
18	3	13200	b	1999-12-23 11:58:04	NULL	NULL	NULL
17	4	15000	b	1999-12-23 11:36:53	NULL	NULL	NULL
29	4	17700	b	1999-12-27 09:45:05	NULL	NULL	NULL
select /*+ join(bloomfilter_join) */ * from t2 inner join orders on t2.phones=orders.orderno;
id	category	county	state	phones	nophones	id_o	orderno	id_p
select /*+ join(bloomfilter_join) */ * from t2 left join t1 on t2.state=t1.id;
id	category	county	state	phones	nophones	id	count	qty	phone	stamp
5	1	37	6	10000	12000	NULL	NULL	NULL	NULL	NULL
3	2	11	12	5400	7800	NULL	NULL	NULL	NULL	NULL
4	2	25	12	6500	11200	NULL	NULL	NULL	NULL	NULL
select /*+ join(merge_join) */ * from t1 left join orders on t1.qty=orders.id_p;
id	count	qty	phone	stamp	id_o	orderno	id_p
26	5	1500	b	1999-12-27 09:44:24	NULL	NULL	NULL
22	4	5000	y	1999-12-23 17:22:21	NULL	NULL	NULL
24	3	5400	y	1999-12-23 17:29:12	NULL	NULL	NULL
28	3	5400	y	1999-12-27 09:44:36	NULL	NULL	NULL
27	3	6200	b	1999-12-27 09:44:24	NULL	NULL	NULL
25	4	6500	y	1999-12-23 17:29:12	NULL	NULL	NULL
21	3	7800	n	1999-12-23 17:22:21	NULL	NULL	NULL
16	3	13200	b	1999-12-23 11:36:53	NULL	NULL	NULL
18	3	13200	b	1999-12-23 11:58:04	NULL	NULL	NULL
17	4	15000	b	1999-12-23 11:36:53	NULL	NULL	NULL
29	4	17700	b	1999-12-27 09:45:05	NULL	NULL	NULL
select /*+ join(merge_join) */ * from t1 right join orders on t1.qty=orders.id_p;
id	count	qty	phone	stamp	id_o	orderno	id_p
NULL	NULL	NULL	NULL	NULL	3	3333	1
NULL	NULL	NULL	NULL	NULL	4	4444	1
NULL	NULL	NULL	NULL	NULL	1	1111	3
NULL	NULL	NULL	NULL	NULL	2	2222	3
NULL	NULL	NULL	NULL	NULL	5	5555	65
select /*+ join(merge_join) */ * from t1 full join orders on t1.qty=orders.id_p;
id	count	qty	phone	stamp	id_o	orderno	id_p
NULL	NULL	NULL	NULL	NULL	3	3333	1
NULL	NULL	NULL	NULL	NULL	4	4444	1
NULL	NULL	NULL	NULL	NULL	1	1111	3
NULL	NULL	NULL	NULL	NULL	2	2222	3
NULL	NULL	NULL	NULL	NULL	5	5555	65
26	5	1500	b	1999-12-27 09:44:24	NULL	NULL	NULL
22	4	5000	y	1999-12-23 17:22:21	NULL	NULL	NULL
24	3	5400	y	1999-12-23 17:29:12	NULL	NULL	NULL
28	3	5400	y	1999-12-27 09:44:36	NULL	NULL	NULL
27	3	6200	b	1999-12-27 09:44:24	NULL	NULL	NULL
25	4	6500	y	1999-12-23 17:29:12	NULL	NULL	NULL
21	3	7800	n	1999-12-23 17:22:21	NULL	NULL	NULL
16	3	13200	b	1999-12-23 11:36:53	NULL	NULL	NULL
18	3	13200	b	1999-12-23 11:58:04	NULL	NULL	NULL
17	4	15000	b	1999-12-23 11:36:53	NULL	NULL	NULL
29	4	17700	b	1999-12-27 09:45:05	NULL	NULL	NULL
select /*+ join(merge_join) */ * from t2 inner join orders on t2.phones=orders.orderno;
id	category	county	state	phones	nophones	id_o	orderno	id_p
select /*+ join(merge_join) */ * from t2 left join t1 on t2.state=t1.id;
id	category	county	state	phones	nophones	id	count	qty	phone	stamp
5	1	37	6	10000	12000	NULL	NULL	NULL	NULL	NULL
3	2	11	12	5400	7800	NULL	NULL	NULL	NULL	NULL
4	2	25	12	6500	11200	NULL	NULL	NULL	NULL	NULL
drop table orders,persons,t2,t3,t1;
