drop table if exists persons,orders,t2,t3;
create table persons (id_p int primary key, lastname varchar(20), firstname varchar(20), address varchar(20), city varchar(20));
insert into persons values(1,'a','a1','a2', 'a3');
insert into persons values(2,'b','b1','b2', 'b3');
insert into persons values(3,'c','c1','c2', 'c3');
create table orders(id_o int primary key, orderno int, id_p int);
insert into orders values(1,1111,3);
insert into orders values(2,2222,3);
insert into orders values(3,3333,1);
insert into orders values(4,4444,1);
insert into orders values(5,5555,65);
create table t2 (
id int,
category int,
county int,
state int,
phones int,
nophones int,
primary key (id)
);
insert into t2 values (5,2,11,12,5400,7800);
insert into t2 values (6,2,25,12,6500,11200);
insert into t2 values (7,1,37,6,10000,12000);
create table t3 (
id int,
name varchar(255) default NULL,
primary key (id)
);
insert into t3 values (1,'s1'),(2,'s2'),(3,'s3'),(4,'s4'),(5,'s5');
select /*+ join(si) */ * from persons,t2,t3 where persons.id_p=t2.id and t2.id=t3.id and t2.id>(select /*+ join(si) */ persons.id_p from persons,orders where persons.id_p=orders.id_o and persons.id_p=2) ;
id_p	lastname	firstname	address	city	id	category	county	state	phones	nophones	id	name
select /*+ join(merge_join) */ * from persons,t2,t3 where persons.id_p=t2.id and t2.id=t3.id and t2.id>(select /*+ join(si) */ persons.id_p from persons,orders where persons.id_p=orders.id_o and persons.id_p=2) ;
id_p	lastname	firstname	address	city	id	category	county	state	phones	nophones	id	name
select /*+ join(si) */ * from persons,t2,t3 where persons.id_p=t2.id and t2.id=t3.id and t2.id>(select persons.id_p from persons where persons.id_p=2) ;
id_p	lastname	firstname	address	city	id	category	county	state	phones	nophones	id	name
select /*+ join(merge_join) */ * from persons,t2,t3 where persons.id_p=t2.id and t2.id=t3.id and t2.id>(select persons.id_p from persons where persons.id_p=2) ;
id_p	lastname	firstname	address	city	id	category	county	state	phones	nophones	id	name
drop table orders,persons,t2,t3;
