create database b;
using database b;
drop table if exists t1,t2,t3,t4;
create table t1 (id_p int primary key, lastname varchar(20), firstname varchar(20), address varchar(20), city varchar(20), id_n int);
insert into t1 values(1,'a','a1','a2', 'a3',3);
insert into t1 values(2,'b','b1','b2', 'b3',3);
insert into t1 values(3,'c','c1','c2', 'c3',2);
create table t2(id_o int primary key, orderno int, id_p int, id_n int);
insert into t2 values(1,1111,3,2);
insert into t2 values(2,2222,3,1);
insert into t2 values(3,3333,1,3);
insert into t2 values(4,4444,1,4);
insert into t2 values(5,5555,65,3);
create table t3 (
id int,
category int,
county int,
state int,
phones int,
nophones int,
id_n int,
primary key (id)
);
insert into t3 values (3,2,11,12,5400,7800,1);
insert into t3 values (4,2,25,12,6500,11200,3);
insert into t3 values (5,1,37,6,10000,12000,2);
create table t4 (
id int,
name varchar(255) default NULL,
primary key (id)
);
insert into t4 values (1,'s1'),(2,'s2'),(3,'s3'),(4,'s4'),(5,'s5');
select /*+ join(bloomfilter_join) */ * from t1 left join t2 on t1.id_n=t2.id_n and t1.id_p<t2.id_o;
id_p	lastname	firstname	address	city	id_n	id_o	orderno	id_p	id_n
3	c	c1	c2	c3	2	NULL	NULL	NULL	NULL
1	a	a1	a2	a3	3	3	3333	1	3
1	a	a1	a2	a3	3	5	5555	65	3
2	b	b1	b2	b3	3	3	3333	1	3
2	b	b1	b2	b3	3	5	5555	65	3
select /*+ join(bloomfilter_join) */ * from t1 inner join t2 on t1.id_n=t2.id_n and t1.id_p<t2.id_o;
id_p	lastname	firstname	address	city	id_n	id_o	orderno	id_p	id_n
1	a	a1	a2	a3	3	3	3333	1	3
1	a	a1	a2	a3	3	5	5555	65	3
2	b	b1	b2	b3	3	3	3333	1	3
2	b	b1	b2	b3	3	5	5555	65	3
select /*+ join(bloomfilter_join) */ * from t1 right join t2 on t1.id_n=t2.id_p and t1.id_p>t2.id_o;
id_p	lastname	firstname	address	city	id_n	id_o	orderno	id_p	id_n
NULL	NULL	NULL	NULL	NULL	NULL	3	3333	1	3
NULL	NULL	NULL	NULL	NULL	NULL	4	4444	1	4
2	b	b1	b2	b3	3	1	1111	3	2
NULL	NULL	NULL	NULL	NULL	NULL	2	2222	3	1
NULL	NULL	NULL	NULL	NULL	NULL	5	5555	65	3
select /*+ join(bloomfilter_join) */ * from t1 full join t3 on t1.id_n=t3.id_n and t1.id_p>t3.id;
id_p	lastname	firstname	address	city	id_n	id	category	county	state	phones	nophones	id_n
select /*+ join(bloomfilter_join) */ * from t2,t3 where t2.id_n=t3.id_n and t2.id_o>t3.id;
id_o	orderno	id_p	id_n	id	category	county	state	phones	nophones	id_n
5	5555	65	3	4	2	25	12	6500	11200	3
select /*+ join(merge_join) */ * from t1 left join t2 on t1.id_n=t2.id_n and t1.id_p<t2.id_o;
id_p	lastname	firstname	address	city	id_n	id_o	orderno	id_p	id_n
3	c	c1	c2	c3	2	NULL	NULL	NULL	NULL
1	a	a1	a2	a3	3	3	3333	1	3
1	a	a1	a2	a3	3	5	5555	65	3
2	b	b1	b2	b3	3	3	3333	1	3
2	b	b1	b2	b3	3	5	5555	65	3
select /*+ join(merge_join) */ * from t1 inner join t2 on t1.id_n=t2.id_n and t1.id_p<t2.id_o;
id_p	lastname	firstname	address	city	id_n	id_o	orderno	id_p	id_n
1	a	a1	a2	a3	3	3	3333	1	3
1	a	a1	a2	a3	3	5	5555	65	3
2	b	b1	b2	b3	3	3	3333	1	3
2	b	b1	b2	b3	3	5	5555	65	3
select /*+ join(merge_join) */ * from t1 right join t2 on t1.id_n=t2.id_p and t1.id_p>t2.id_o;
id_p	lastname	firstname	address	city	id_n	id_o	orderno	id_p	id_n
NULL	NULL	NULL	NULL	NULL	NULL	3	3333	1	3
NULL	NULL	NULL	NULL	NULL	NULL	4	4444	1	4
2	b	b1	b2	b3	3	1	1111	3	2
NULL	NULL	NULL	NULL	NULL	NULL	2	2222	3	1
NULL	NULL	NULL	NULL	NULL	NULL	5	5555	65	3
select /*+ join(merge_join) */ * from t1 full join t3 on t1.id_n=t3.id_n and t1.id_p>t3.id;
id_p	lastname	firstname	address	city	id_n	id	category	county	state	phones	nophones	id_n
select /*+ join(merge_join) */ * from t2,t3 where t2.id_n=t3.id_n and t2.id_o>t3.id;
id_o	orderno	id_p	id_n	id	category	county	state	phones	nophones	id_n
5	5555	65	3	4	2	25	12	6500	11200	3
drop table t1,t2,t3,t4;
