drop table if exists t1,t2,t3;
CREATE TABLE t1 (S1 INT primary key, S2 int);
CREATE TABLE t2 (S1 INT primary key, S2 int);
INSERT INTO t1(S1) VALUES (1);
INSERT INTO t2(S1) VALUES (2);
SELECT * FROM t1,t2 where t1.S1 = t2.S1;
s1	s2	s1	s2
SELECT * FROM t1 INNER JOIN t2 on t1.S1=t2.S1;
s1	s2	s1	s2
SELECT * from t1 JOIN t2 on t1.S1 = t2.S1;
s1	s2	s1	s2
SELECT * from t1 CROSS JOIN t2 on t1.S1=t2.S1;
s1	s2	s1	s2
SELECT * from t1 LEFT JOIN t2 on t1.S1=t2.S1;
s1	s2	s1	s2
1	NULL	NULL	NULL
SELECT * from t1 RIGHT JOIN t2 on t1.S1=t2.S1;
s1	s2	s1	s2
NULL	NULL	2	NULL
drop table t1,t2;
create table t1 (id int primary key, i2 int);
create table t2 (id int primary key, i2 int);
insert into t1(id) values (75);
insert into t1(id) values (79);
insert into t1(id) values (78);
insert into t1(id) values (77);
insert into t1(id) values (104);
insert into t1(id) values (103);
insert into t1(id) values (102);
insert into t1(id) values (101);
insert into t1(id) values (105);
insert into t1(id) values (106);
insert into t1(id) values (107);
insert into t2(id) values (107),(75),(1000);
select t1.id, t2.id from t1, t2 where t2.id = t1.id;
id	id
75	75
107	107
select t1.id, count(t2.id) from t1,t2 where t2.id = t1.id group by t1.id;
id	count(t2.id)
75	1
107	1
select t1.id, count(t2.id) from t1,t2 where t2.id = t1.id group by t2.id;
id	count(t2.id)
75	1
107	1
drop table t1,t2;
CREATE TABLE t1 (
a int NOT NULL,
b int NOT NULL,
c int,
PRIMARY KEY  (a,b)
) ;
INSERT INTO t1(a,b) VALUES (1,1),(1,2),(1,3),(1,4),(1,5),(1,6),(1,7),(2,3);
CREATE TABLE t2 (
a int primary key,
d int
) ;
INSERT INTO t2(a) VALUES (2),(3);
SELECT t1.a,t2.a,b FROM t1,t2 WHERE t1.a=t2.a AND (t1.a=1 OR t1.a=2) AND b>=1 AND b<=3;
a	a	b
2	2	3
SELECT t1.a,t2.a,b FROM t1,t2 WHERE t1.a=t2.a ;
a	a	b
2	2	3
DROP TABLE t1, t2;
CREATE TABLE t1 (d DATETIME primary key, d2 DATETIME);
CREATE TABLE t2 (d DATETIME primary key, d2 DATETIME);
INSERT INTO t1 (d) VALUES ('2001-08-01'),('0001-01-01');
SELECT * from t1 WHERE t1.d IS NULL;
d	d2
SELECT * FROM t1 WHERE NULL IS NULL;
d	d2
0001-01-01 00:00:00	NULL
2001-08-01 00:00:00	NULL
DROP TABLE t1,t2;
CREATE TABLE t1 (
Document_ID varchar(50) NOT NULL ,
Contractor_ID varchar(6) NOT NULL ,
Language_ID char(3) NOT NULL ,
Expiration_Date datetime ,
Publishing_Date datetime ,
Title varchar(256),
Column_ID varchar(50) NOT NULL ,
PRIMARY KEY  (Language_ID,Document_ID,Contractor_ID)
);
INSERT INTO t1 VALUES ('xep80','1','ger','2001-12-31 20:00:00','2001-11-12 10:58:00','Kartenbestellung - jetzt auch online','anle'),('','999998','',NULL,NULL,NULL,'');
CREATE TABLE t2 (
Contractor_ID char(6) NOT NULL ,
Language_ID char(3) NOT NULL default '',
Document_ID char(50) NOT NULL default '',
CanRead char(1) default NULL,
Customer_ID int NOT NULL default '0',
PRIMARY KEY  (Contractor_ID,Language_ID,Document_ID,Customer_ID)
);
INSERT INTO t2 VALUES ('5','ger','xep80','1',999999),('1','ger','xep80','1',999999);
CREATE TABLE t3 (
Language_ID char(3) NOT NULL default '',
Column_ID char(50) NOT NULL default '',
Contractor_ID char(6) NOT NULL default '',
CanRead char(1) default NULL,
Active char(1) default NULL,
PRIMARY KEY  (Language_ID,Column_ID,Contractor_ID)
);
INSERT INTO t3 VALUES ('ger','home','1','1','1'),('ger','Test','1','0','0'),('ger','derclu','1','0','0'),('ger','clubne','1','0','0'),('ger','philos','1','0','0'),('ger','clubko','1','0','0'),('ger','clubim','1','1','1'),('ger','progra','1','0','0'),('ger','progvo','1','0','0'),('ger','progsp','1','0','0'),('ger','progau','1','0','0'),('ger','progku','1','0','0'),('ger','progss','1','0','0'),('ger','nachl','1','0','0'),('ger','mitgli','1','0','0'),('ger','mitsu','1','0','0'),('ger','mitbus','1','0','0'),('ger','ergmar','1','1','1'),('ger','home','4','1','1'),('ger','derclu','4','1','1'),('ger','clubne','4','0','0'),('ger','philos','4','1','1'),('ger','clubko','4','1','1'),('ger','clubim','4','1','1'),('ger','progra','4','1','1'),('ger','progvo','4','1','1'),('ger','progsp','4','1','1'),('ger','progau','4','0','0'),('ger','progku','4','1','1'),('ger','progss','4','1','1'),('ger','nachl','4','1','1'),('ger','mitgli','4','0','0'),('ger','mitsu','4','0','0'),('ger','mitbus','4','0','0'),('ger','ergmar','4','1','1'),('ger','progra2','1','0','0'),('ger','archiv','4','1','1'),('ger','anmeld','4','1','1'),('ger','thema','4','1','1'),('ger','edito','4','1','1'),('ger','madis','4','1','1'),('ger','enma','4','1','1'),('ger','madis','1','1','1'),('ger','enma','1','1','1'),('ger','vorsch','4','0','0'),('ger','veranst','4','0','0'),('ger','anle','4','1','1'),('ger','redak','4','1','1'),('ger','nele','4','1','1'),('ger','aukt','4','1','1'),('ger','callcenter','4','1','1'),('ger','anle','1','0','0');
SELECT DISTINCT COUNT(t1.Title) FROM t1,
t2, t3 WHERE 
t1.Document_ID='xep80' AND t1.Contractor_ID='1' AND 
t1.Language_ID='ger' AND '2001-12-21 23:14:24' >= 
Publishing_Date AND '2001-12-21 23:14:24' <= Expiration_Date AND 
t1.Document_ID = t2.Document_ID AND 
t1.Language_ID = t2.Language_ID AND 
t1.Contractor_ID = t2.Contractor_ID AND ( 
t2.Customer_ID = '4'  OR 
t2.Customer_ID = '999999'  OR 
t2.Customer_ID = '1' )AND t2.CanRead 
= '1'  AND t1.Column_ID=t3.Column_ID AND 
t1.Language_ID=t3.Language_ID AND ( 
t3.Contractor_ID = '4'  OR 
t3.Contractor_ID = '999999'  OR 
t3.Contractor_ID = '1') AND 
t3.CanRead='1' AND t3.Active='1';
COUNT(t1.Title)
1
SELECT DISTINCT COUNT(t1.Title) FROM t1,
t2, t3 WHERE 
t1.Document_ID='xep80' AND t1.Contractor_ID='1' AND 
t1.Language_ID='ger' AND '2001-12-21 23:14:24' >= 
Publishing_Date AND '2001-12-21 23:14:24' <= Expiration_Date AND 
t1.Document_ID = t2.Document_ID AND 
t1.Language_ID = t2.Language_ID AND 
t1.Contractor_ID = t2.Contractor_ID AND ( 
t2.Customer_ID = '4'  OR 
t2.Customer_ID = '999999'  OR 
t2.Customer_ID = '1' )AND t2.CanRead 
= '1'  AND t1.Column_ID=t3.Column_ID AND 
t1.Language_ID=t3.Language_ID AND ( 
t3.Contractor_ID = '4'  OR 
t3.Contractor_ID = '999999'  OR 
t3.Contractor_ID = '1') AND 
t3.CanRead='1' AND t3.Active='1';
COUNT(t1.Title)
1
drop table t1,t2,t3;
CREATE TABLE t1 (
t1_id int default NULL,
t2_id int default NULL,
type varchar(20),
cost_unit varchar(20),
min_value double default NULL,
max_value double default NULL,
t3_id int default NULL,
item_id int default NULL,
primary key(t1_id)
);
INSERT INTO t1 VALUES (12,5,'Percent','Cost',-1,0,-1,-1),(14,4,'Percent','Cost',-1,0,-1,-1),(18,5,'Percent','Cost',-1,0,-1,-1),(19,4,'Percent','Cost',-1,0,-1,-1),(20,5,'Percent','Cost',100,-1,22,291),(21,5,'Percent','Cost',100,-1,18,291),(22,1,'Percent','Cost',100,-1,6,291),(23,1,'Percent','Cost',100,-1,21,291),(24,1,'Percent','Cost',100,-1,9,291),(25,1,'Percent','Cost',100,-1,4,291),(26,1,'Percent','Cost',100,-1,20,291),(27,4,'Percent','Cost',100,-1,7,202),(28,1,'Percent','Cost',50,-1,-1,137),(29,2,'Percent','Cost',100,-1,4,354),(30,2,'Percent','Cost',100,-1,9,137),(93,2,'Cost','Cost',-1,10000000,-1,-1);
CREATE TABLE t2 (
id int,
name varchar(255) default NULL,
PRIMARY KEY  (id)
);
INSERT INTO t2 VALUES (1,'s1'),(2,'s2'),(3,'s3'),(4,'s4'),(5,'s5');
select t1.*, t2.*  from t1, t2 where t2.id=t1.t2_id limit 2;
t1_id	t2_id	type	cost_unit	min_value	max_value	t3_id	item_id	id	name
22	1	Percent	Cost	100	-1	6	291	1	s1
23	1	Percent	Cost	100	-1	21	291	1	s1
drop table t1,t2;
CREATE TABLE t1 (ID INTEGER NOT NULL PRIMARY KEY, Value1 VARCHAR(255));
CREATE TABLE t2 (ID INTEGER NOT NULL PRIMARY KEY, Value2 VARCHAR(255));
INSERT INTO t1 VALUES (1, 'A');
INSERT INTO t2 VALUES (1, 'B');
drop table t1,t2;
create table t1 (i int primary key,j int);
create table t2 (i int primary key,j int);
create table t3 (i int primary key,j int);
insert into t1(i) values(1),(2);
insert into t2(i) values(2),(3);
insert into t3(i) values (2),(4);
select * from t1 left join t2 on (t1.i=t2.i);
i	j	i	j
1	NULL	NULL	NULL
2	NULL	2	NULL
select * from t1 left join t2 on (t1.i=t2.i) left join t3 on (t2.i=t3.i);
i	j	i	j	i	j
2	NULL	2	NULL	2	NULL
1	NULL	NULL	NULL	NULL	NULL
select * from t3 right join t2 on (t3.i=t2.i);
i	j	i	j
2	NULL	2	NULL
NULL	NULL	3	NULL
select * from t3 right join t2 on (t3.i=t2.i) right join t1 on (t2.i=t1.i);
i	j	i	j	i	j
NULL	NULL	NULL	NULL	1	NULL
2	NULL	2	NULL	2	NULL
drop table t1,t2,t3;
create table t1 (id1 int primary key, name1 varchar(20),  addr1 varchar(20));
create table t2 (id2 int primary key, name2 varchar(20));
insert into t1 values(1,'a1','addr1'),(2,'a2','addr2'),(3,'a3','addr3'),(4,'a4','addr4');
insert into t2 values(1,'b1'),(2,'a2'),(5,'b5');
select * from t1 left join t2 on t2.id2 = t1.id1;
id1	name1	addr1	id2	name2
1	a1	addr1	1	b1
2	a2	addr2	2	a2
3	a3	addr3	NULL	NULL
4	a4	addr4	NULL	NULL
select * from t1 left join t2 on t1.id1 = t2.id2 and t2.name2 = t1.name1;
id1	name1	addr1	id2	name2
1	a1	addr1	NULL	NULL
2	a2	addr2	2	a2
3	a3	addr3	NULL	NULL
4	a4	addr4	NULL	NULL
select * from t1 left join t2 on t2.id2 = t1.id1 and t1.name1 = t2.name2;
id1	name1	addr1	id2	name2
1	a1	addr1	NULL	NULL
2	a2	addr2	2	a2
3	a3	addr3	NULL	NULL
4	a4	addr4	NULL	NULL
select * from t1 right join t2 on t2.id2 = t1.id1;
id1	name1	addr1	id2	name2
1	a1	addr1	1	b1
2	a2	addr2	2	a2
NULL	NULL	NULL	5	b5
select * from t1 right join t2 on t1.id1 = t2.id2 and t2.name2 = t1.name1;
id1	name1	addr1	id2	name2
NULL	NULL	NULL	1	b1
2	a2	addr2	2	a2
NULL	NULL	NULL	5	b5
select * from t1 right join t2 on t2.id2 = t1.id1 and t1.name1 = t2.name2;
id1	name1	addr1	id2	name2
NULL	NULL	NULL	1	b1
2	a2	addr2	2	a2
NULL	NULL	NULL	5	b5
select * from t2 left join t1 on t2.id2 = t1.id1;
id2	name2	id1	name1	addr1
1	b1	1	a1	addr1
2	a2	2	a2	addr2
5	b5	NULL	NULL	NULL
select * from t2 left join t1 on t1.id1 = t2.id2 and t2.name2 = t1.name1;
id2	name2	id1	name1	addr1
1	b1	NULL	NULL	NULL
2	a2	2	a2	addr2
5	b5	NULL	NULL	NULL
select * from t2 left join t1 on t2.id2 = t1.id1 and t1.name1 = t2.name2;
id2	name2	id1	name1	addr1
1	b1	NULL	NULL	NULL
2	a2	2	a2	addr2
5	b5	NULL	NULL	NULL
select * from t2 right join t1 on t2.id2 = t1.id1;
id2	name2	id1	name1	addr1
1	b1	1	a1	addr1
2	a2	2	a2	addr2
NULL	NULL	3	a3	addr3
NULL	NULL	4	a4	addr4
select * from t2 right join t1 on t1.id1 = t2.id2 and t2.name2 = t1.name1;
id2	name2	id1	name1	addr1
NULL	NULL	1	a1	addr1
2	a2	2	a2	addr2
NULL	NULL	3	a3	addr3
NULL	NULL	4	a4	addr4
select * from t2 right join t1 on t2.id2 = t1.id1 and t1.name1 = t2.name2;
id2	name2	id1	name1	addr1
NULL	NULL	1	a1	addr1
2	a2	2	a2	addr2
NULL	NULL	3	a3	addr3
NULL	NULL	4	a4	addr4
