create database b;
using database b;
drop table if exists t1,t2,t3;
CREATE TABLE t1 (
id int,
count int ,
qty int,
phone char(1) ,
stamp datetime ,
PRIMARY KEY (id)
);
INSERT INTO t1 VALUES (21,3,7800,'n','1999-12-23 17:22:21');
INSERT INTO t1 VALUES (22,4,5000,'y','1999-12-23 17:22:21');
INSERT INTO t1 VALUES (18,3,13200,'b','1999-12-23 11:58:04');
INSERT INTO t1 VALUES (17,4,15000,'b','1999-12-23 11:36:53');
INSERT INTO t1 VALUES (16,3,13200,'b','1999-12-23 11:36:53');
INSERT INTO t1 VALUES (26,5,1500,'b','1999-12-27 09:44:24');
INSERT INTO t1 VALUES (24,3,5400,'y','1999-12-23 17:29:12');
INSERT INTO t1 VALUES (25,4,6500,'y','1999-12-23 17:29:12');
INSERT INTO t1 VALUES (27,3,6200,'b','1999-12-27 09:44:24');
INSERT INTO t1 VALUES (28,3,5400,'y','1999-12-27 09:44:36');
INSERT INTO t1 VALUES (29,4,17700,'b','1999-12-27 09:45:05');
create table t2 (
id int,
category int,
county int,
state int,
phones int,
nophones int,
primary key (id)
);
insert into t2 values (3,2,11,12,5400,7800);
insert into t2 values (4,2,25,12,6500,11200);
insert into t2 values (5,1,37,6,10000,12000);
create table t3 (
id int,
name varchar(255) default NULL,
primary key (id)
);
insert into t3 values (1,'s1'),(2,'s2'),(3,'s3'),(4,'s4'),(5,'s5');
select /*+ join(bloomfilter_join) */ * from t2 left join t3 on t2.id=t3.id;
id	category	county	state	phones	nophones	id	name
3	2	11	12	5400	7800	3	s3
4	2	25	12	6500	11200	4	s4
5	1	37	6	10000	12000	5	s5
select /*+ join(bloomfilter_join) */ * from t2 right join t3 on t2.id=t3.id;
id	category	county	state	phones	nophones	id	name
NULL	NULL	NULL	NULL	NULL	NULL	1	s1
NULL	NULL	NULL	NULL	NULL	NULL	2	s2
3	2	11	12	5400	7800	3	s3
4	2	25	12	6500	11200	4	s4
5	1	37	6	10000	12000	5	s5
select /*+ join(bloomfilter_join) */ * from t2 full join t3 on t2.id=t3.id;
id	category	county	state	phones	nophones	id	name
NULL	NULL	NULL	NULL	NULL	NULL	1	s1
NULL	NULL	NULL	NULL	NULL	NULL	2	s2
3	2	11	12	5400	7800	3	s3
4	2	25	12	6500	11200	4	s4
5	1	37	6	10000	12000	5	s5
select /*+ join(bloomfilter_join) */ * from t2 inner join t3 on t2.id=t3.id;
id	category	county	state	phones	nophones	id	name
3	2	11	12	5400	7800	3	s3
4	2	25	12	6500	11200	4	s4
5	1	37	6	10000	12000	5	s5
select /*+ join(bloomfilter_join) */ * from t1 left join t2 on t1.id=t2.id;
id	count	qty	phone	stamp	id	category	county	state	phones	nophones
16	3	13200	b	1999-12-23 11:36:53	NULL	NULL	NULL	NULL	NULL	NULL
17	4	15000	b	1999-12-23 11:36:53	NULL	NULL	NULL	NULL	NULL	NULL
18	3	13200	b	1999-12-23 11:58:04	NULL	NULL	NULL	NULL	NULL	NULL
21	3	7800	n	1999-12-23 17:22:21	NULL	NULL	NULL	NULL	NULL	NULL
22	4	5000	y	1999-12-23 17:22:21	NULL	NULL	NULL	NULL	NULL	NULL
24	3	5400	y	1999-12-23 17:29:12	NULL	NULL	NULL	NULL	NULL	NULL
25	4	6500	y	1999-12-23 17:29:12	NULL	NULL	NULL	NULL	NULL	NULL
26	5	1500	b	1999-12-27 09:44:24	NULL	NULL	NULL	NULL	NULL	NULL
27	3	6200	b	1999-12-27 09:44:24	NULL	NULL	NULL	NULL	NULL	NULL
28	3	5400	y	1999-12-27 09:44:36	NULL	NULL	NULL	NULL	NULL	NULL
29	4	17700	b	1999-12-27 09:45:05	NULL	NULL	NULL	NULL	NULL	NULL
select /*+ join(bloomfilter_join) */ * from t1 right join t2 on t1.id=t2.id;
id	count	qty	phone	stamp	id	category	county	state	phones	nophones
NULL	NULL	NULL	NULL	NULL	3	2	11	12	5400	7800
NULL	NULL	NULL	NULL	NULL	4	2	25	12	6500	11200
NULL	NULL	NULL	NULL	NULL	5	1	37	6	10000	12000
select /*+ join(bloomfilter_join) */ * from t1 full join t2 on t1.id=t2.id;
id	count	qty	phone	stamp	id	category	county	state	phones	nophones
NULL	NULL	NULL	NULL	NULL	3	2	11	12	5400	7800
NULL	NULL	NULL	NULL	NULL	4	2	25	12	6500	11200
NULL	NULL	NULL	NULL	NULL	5	1	37	6	10000	12000
16	3	13200	b	1999-12-23 11:36:53	NULL	NULL	NULL	NULL	NULL	NULL
17	4	15000	b	1999-12-23 11:36:53	NULL	NULL	NULL	NULL	NULL	NULL
18	3	13200	b	1999-12-23 11:58:04	NULL	NULL	NULL	NULL	NULL	NULL
21	3	7800	n	1999-12-23 17:22:21	NULL	NULL	NULL	NULL	NULL	NULL
22	4	5000	y	1999-12-23 17:22:21	NULL	NULL	NULL	NULL	NULL	NULL
24	3	5400	y	1999-12-23 17:29:12	NULL	NULL	NULL	NULL	NULL	NULL
25	4	6500	y	1999-12-23 17:29:12	NULL	NULL	NULL	NULL	NULL	NULL
26	5	1500	b	1999-12-27 09:44:24	NULL	NULL	NULL	NULL	NULL	NULL
27	3	6200	b	1999-12-27 09:44:24	NULL	NULL	NULL	NULL	NULL	NULL
28	3	5400	y	1999-12-27 09:44:36	NULL	NULL	NULL	NULL	NULL	NULL
29	4	17700	b	1999-12-27 09:45:05	NULL	NULL	NULL	NULL	NULL	NULL
select /*+ join(bloomfilter_join) */ * from t1 inner join t2 on t1.id=t2.id;
id	count	qty	phone	stamp	id	category	county	state	phones	nophones
select /*+ join(merge_join) */ * from t2 left join t3 on t2.id=t3.id;
id	category	county	state	phones	nophones	id	name
3	2	11	12	5400	7800	3	s3
4	2	25	12	6500	11200	4	s4
5	1	37	6	10000	12000	5	s5
select /*+ join(merge_join) */ * from t2 right join t3 on t2.id=t3.id;
id	category	county	state	phones	nophones	id	name
NULL	NULL	NULL	NULL	NULL	NULL	1	s1
NULL	NULL	NULL	NULL	NULL	NULL	2	s2
3	2	11	12	5400	7800	3	s3
4	2	25	12	6500	11200	4	s4
5	1	37	6	10000	12000	5	s5
select /*+ join(merge_join) */ * from t2 full join t3 on t2.id=t3.id;
id	category	county	state	phones	nophones	id	name
NULL	NULL	NULL	NULL	NULL	NULL	1	s1
NULL	NULL	NULL	NULL	NULL	NULL	2	s2
3	2	11	12	5400	7800	3	s3
4	2	25	12	6500	11200	4	s4
5	1	37	6	10000	12000	5	s5
select /*+ join(merge_join) */ * from t2 inner join t3 on t2.id=t3.id;
id	category	county	state	phones	nophones	id	name
3	2	11	12	5400	7800	3	s3
4	2	25	12	6500	11200	4	s4
5	1	37	6	10000	12000	5	s5
drop table t1,t2,t3;
