create table t2 (c1 varchar primary key, c2 varchar, c3 varchar);
replace into t2 values ('abc', '\\', 'DC');
drop table t2;
select '\103hh\100hh', 'ueuoiuo';
'\103hh\100hh'	'ueuoiuo'
Chh@hh	ueuoiuo
select '\103hh\100hh' 'ueuoiuo';
'\103hh\100hh' 'ueuoiuo'
Chh@hhueuoiuo
select '\103hh\100hh'    
'ueuoiuo';
'\103hh\100hh'    
'ueuoiuo'
Chh@hhueuoiuo
select 'sadfas''dsffsa';
'sadfas''dsffsa'
sadfas'dsffsa
