drop table if exists t1;
alter system set merge_delay_interval='1s' server_type=chunkserver,min_major_freeze_interval='1s' server_type=updateserver;
alter system set merge_delay_for_lsync='1s' server_type=chunkserver;
alter system set min_drop_cache_wait_time='10s' server_type=chunkserver;
alter system set merge_thread_per_disk=10 server_type=chunkserver;
alter system set each_tablet_sync_meta=False server_type=chunkserver;
create table t1(pk int primary key);
insert into t1 values(1),(2);
select * from t1;
pk
1
2
[major_freeze] err=0
select * from t1;
pk
1
2
select * from t1;
pk
1
2
select * from t1;
pk
1
2
select * from t1;
pk
1
2
select * from t1;
pk
1
2
select * from t1;
pk
1
2
select * from t1;
pk
1
2
select * from t1;
pk
1
2
select * from t1;
pk
1
2
select * from t1;
pk
1
2
drop table t1;
