drop table if exists t1,t2,t3,t4,t5,t6;
create table t1(i1 int, f1 float, s1 varchar, d1 datetime, i2 int, f2 float,s2 varchar, d2 datetime,primary key(i1,f1,s1,d1));
prepare stmt_delete from delete from t1 where i1=? and f1=? and s1=? and d1=?;
prepare stmt_replace from replace into t1 values(?,?,?,?,?,?,?,?);
set @i1=10;
set @f1=10.5;
set @s1='10@abcdefg';
set @d1=timestamp'2020-02-02 20:00:00';
set @i2=9;
set @f2=9.5;
set @s2='9+abcdefg';
set @d2=timestamp'2020-02-01 20:00:00';
execute stmt_replace using @i1,@f1,@s1,@d1,@i2,@f2,@s2,@d2;
set @i1=9;
set @f1=9.5;
set @s1='9@abcdefg';
set @d1=timestamp'2020-02-02 20:00:00';
set @i2=8;
set @f2=8.5;
set @s2='8+abcdefg';
set @d2=timestamp'2020-02-01 20:00:00';
execute stmt_replace using @i1,@f1,@s1,@d1,@i2,@f2,@s2,@d2;
set @i1=8;
set @f1=8.5;
set @s1='8@abcdefg';
set @d1=timestamp'2020-02-02 20:00:00';
set @i2=7;
set @f2=7.5;
set @s2='7+abcdefg';
set @d2=timestamp'2020-02-01 20:00:00';
execute stmt_replace using @i1,@f1,@s1,@d1,@i2,@f2,@s2,@d2;
set @i1=7;
set @f1=7.5;
set @s1='7@abcdefg';
set @d1=timestamp'2020-02-02 20:00:00';
set @i2=6;
set @f2=6.5;
set @s2='6+abcdefg';
set @d2=timestamp'2020-02-01 20:00:00';
execute stmt_replace using @i1,@f1,@s1,@d1,@i2,@f2,@s2,@d2;
set @i1=6;
set @f1=6.5;
set @s1='6@abcdefg';
set @d1=timestamp'2020-02-02 20:00:00';
set @i2=5;
set @f2=5.5;
set @s2='5+abcdefg';
set @d2=timestamp'2020-02-01 20:00:00';
execute stmt_replace using @i1,@f1,@s1,@d1,@i2,@f2,@s2,@d2;
set @i1=5;
set @f1=5.5;
set @s1='5@abcdefg';
set @d1=timestamp'2020-02-02 20:00:00';
set @i2=4;
set @f2=4.5;
set @s2='4+abcdefg';
set @d2=timestamp'2020-02-01 20:00:00';
execute stmt_replace using @i1,@f1,@s1,@d1,@i2,@f2,@s2,@d2;
set @i1=4;
set @f1=4.5;
set @s1='4@abcdefg';
set @d1=timestamp'2020-02-02 20:00:00';
set @i2=3;
set @f2=3.5;
set @s2='3+abcdefg';
set @d2=timestamp'2020-02-01 20:00:00';
execute stmt_replace using @i1,@f1,@s1,@d1,@i2,@f2,@s2,@d2;
set @i1=3;
set @f1=3.5;
set @s1='3@abcdefg';
set @d1=timestamp'2020-02-02 20:00:00';
set @i2=2;
set @f2=2.5;
set @s2='2+abcdefg';
set @d2=timestamp'2020-02-01 20:00:00';
execute stmt_replace using @i1,@f1,@s1,@d1,@i2,@f2,@s2,@d2;
set @i1=2;
set @f1=2.5;
set @s1='2@abcdefg';
set @d1=timestamp'2020-02-02 20:00:00';
set @i2=1;
set @f2=1.5;
set @s2='1+abcdefg';
set @d2=timestamp'2020-02-01 20:00:00';
execute stmt_replace using @i1,@f1,@s1,@d1,@i2,@f2,@s2,@d2;
set @i1=1;
set @f1=1.5;
set @s1='1@abcdefg';
set @d1=timestamp'2020-02-02 20:00:00';
set @i2=0;
set @f2=0.5;
set @s2='0+abcdefg';
set @d2=timestamp'2020-02-01 20:00:00';
execute stmt_replace using @i1,@f1,@s1,@d1,@i2,@f2,@s2,@d2;
set @i1=10;
set @f1=10.5;
set @s1='10@abcdefg';
set @d1=timestamp'2020-02-02 20:00:00';
execute stmt_delete using @i1,@f1,@s1,@d1;
set @i1=9;
set @f1=9.5;
set @s1='9@abcdefg';
set @d1=timestamp'2020-02-02 20:00:00';
execute stmt_delete using @i1,@f1,@s1,@d1;
set @i1=8;
set @f1=8.5;
set @s1='8@abcdefg';
set @d1=timestamp'2020-02-02 20:00:00';
execute stmt_delete using @i1,@f1,@s1,@d1;
set @i1=7;
set @f1=7.5;
set @s1='7@abcdefg';
set @d1=timestamp'2020-02-02 20:00:00';
execute stmt_delete using @i1,@f1,@s1,@d1;
set @i1=6;
set @f1=6.5;
set @s1='6@abcdefg';
set @d1=timestamp'2020-02-02 20:00:00';
execute stmt_delete using @i1,@f1,@s1,@d1;
set @i1=5;
set @f1=5.5;
set @s1='5@abcdefg';
set @d1=timestamp'2020-02-02 20:00:00';
execute stmt_delete using @i1,@f1,@s1,@d1;
set @i1=4;
set @f1=4.5;
set @s1='4@abcdefg';
set @d1=timestamp'2020-02-02 20:00:00';
execute stmt_delete using @i1,@f1,@s1,@d1;
set @i1=3;
set @f1=3.5;
set @s1='3@abcdefg';
set @d1=timestamp'2020-02-02 20:00:00';
execute stmt_delete using @i1,@f1,@s1,@d1;
set @i1=2;
set @f1=2.5;
set @s1='2@abcdefg';
set @d1=timestamp'2020-02-02 20:00:00';
execute stmt_delete using @i1,@f1,@s1,@d1;
set @i1=1;
set @f1=1.5;
set @s1='1@abcdefg';
set @d1=timestamp'2020-02-02 20:00:00';
execute stmt_delete using @i1,@f1,@s1,@d1;
select * from t1;
i1	f1	s1	d1	i2	f2	s2	d2
drop table t1;
create table t2(i1 int, f1 float, s1 varchar, d1 datetime, i2 int, f2 float,s2 varchar, d2 datetime,primary key(i1,f1,s1,d1));
prepare stmt_delete  from  delete from t2 where i1=? and f1=? and s1=? and d1=? and i2=?;
prepare stmt_replace from replace into t2 values(?,?,?,?,?,?,?,?);
set @i1=10;
set @f1=10.5;
set @s1='10,abcdefg';
set @d1=timestamp'2020-02-02 20:00:00';
set @i2=9;
set @f2=9.5;
set @s2='9.abcdefg';
set @d2=timestamp'2020-02-01 20:00:00';
execute stmt_replace using @i1,@f1,@s1,@d1,@i2,@f2,@s2,@d2;
set @i1=9;
set @f1=9.5;
set @s1='9,abcdefg';
set @d1=timestamp'2020-02-02 20:00:00';
set @i2=8;
set @f2=8.5;
set @s2='8.abcdefg';
set @d2=timestamp'2020-02-01 20:00:00';
execute stmt_replace using @i1,@f1,@s1,@d1,@i2,@f2,@s2,@d2;
set @i1=8;
set @f1=8.5;
set @s1='8,abcdefg';
set @d1=timestamp'2020-02-02 20:00:00';
set @i2=7;
set @f2=7.5;
set @s2='7.abcdefg';
set @d2=timestamp'2020-02-01 20:00:00';
execute stmt_replace using @i1,@f1,@s1,@d1,@i2,@f2,@s2,@d2;
set @i1=7;
set @f1=7.5;
set @s1='7,abcdefg';
set @d1=timestamp'2020-02-02 20:00:00';
set @i2=6;
set @f2=6.5;
set @s2='6.abcdefg';
set @d2=timestamp'2020-02-01 20:00:00';
execute stmt_replace using @i1,@f1,@s1,@d1,@i2,@f2,@s2,@d2;
set @i1=6;
set @f1=6.5;
set @s1='6,abcdefg';
set @d1=timestamp'2020-02-02 20:00:00';
set @i2=5;
set @f2=5.5;
set @s2='5.abcdefg';
set @d2=timestamp'2020-02-01 20:00:00';
execute stmt_replace using @i1,@f1,@s1,@d1,@i2,@f2,@s2,@d2;
set @i1=5;
set @f1=5.5;
set @s1='5,abcdefg';
set @d1=timestamp'2020-02-02 20:00:00';
set @i2=4;
set @f2=4.5;
set @s2='4.abcdefg';
set @d2=timestamp'2020-02-01 20:00:00';
execute stmt_replace using @i1,@f1,@s1,@d1,@i2,@f2,@s2,@d2;
set @i1=4;
set @f1=4.5;
set @s1='4,abcdefg';
set @d1=timestamp'2020-02-02 20:00:00';
set @i2=3;
set @f2=3.5;
set @s2='3.abcdefg';
set @d2=timestamp'2020-02-01 20:00:00';
execute stmt_replace using @i1,@f1,@s1,@d1,@i2,@f2,@s2,@d2;
set @i1=3;
set @f1=3.5;
set @s1='3,abcdefg';
set @d1=timestamp'2020-02-02 20:00:00';
set @i2=2;
set @f2=2.5;
set @s2='2.abcdefg';
set @d2=timestamp'2020-02-01 20:00:00';
execute stmt_replace using @i1,@f1,@s1,@d1,@i2,@f2,@s2,@d2;
set @i1=2;
set @f1=2.5;
set @s1='2,abcdefg';
set @d1=timestamp'2020-02-02 20:00:00';
set @i2=1;
set @f2=1.5;
set @s2='1.abcdefg';
set @d2=timestamp'2020-02-01 20:00:00';
execute stmt_replace using @i1,@f1,@s1,@d1,@i2,@f2,@s2,@d2;
set @i1=1;
set @f1=1.5;
set @s1='1,abcdefg';
set @d1=timestamp'2020-02-02 20:00:00';
set @i2=0;
set @f2=0.5;
set @s2='0.abcdefg';
set @d2=timestamp'2020-02-01 20:00:00';
execute stmt_replace using @i1,@f1,@s1,@d1,@i2,@f2,@s2,@d2;
set @i1=10;
set @f1=10.5;
set @s1='10,abcdefg';
set @d1=timestamp'2020-02-02 20:00:00';
set @i2=9;
execute stmt_delete using @i1,@f1,@s1,@d1,@i2;
set @i1=9;
set @f1=9.5;
set @s1='9,abcdefg';
set @d1=timestamp'2020-02-02 20:00:00';
set @i2=8;
execute stmt_delete using @i1,@f1,@s1,@d1,@i2;
set @i1=8;
set @f1=8.5;
set @s1='8,abcdefg';
set @d1=timestamp'2020-02-02 20:00:00';
set @i2=7;
execute stmt_delete using @i1,@f1,@s1,@d1,@i2;
set @i1=7;
set @f1=7.5;
set @s1='7,abcdefg';
set @d1=timestamp'2020-02-02 20:00:00';
set @i2=6;
execute stmt_delete using @i1,@f1,@s1,@d1,@i2;
set @i1=6;
set @f1=6.5;
set @s1='6,abcdefg';
set @d1=timestamp'2020-02-02 20:00:00';
set @i2=5;
execute stmt_delete using @i1,@f1,@s1,@d1,@i2;
set @i1=5;
set @f1=5.5;
set @s1='5,abcdefg';
set @d1=timestamp'2020-02-02 20:00:00';
set @i2=4;
execute stmt_delete using @i1,@f1,@s1,@d1,@i2;
set @i1=4;
set @f1=4.5;
set @s1='4,abcdefg';
set @d1=timestamp'2020-02-02 20:00:00';
set @i2=3;
execute stmt_delete using @i1,@f1,@s1,@d1,@i2;
set @i1=3;
set @f1=3.5;
set @s1='3,abcdefg';
set @d1=timestamp'2020-02-02 20:00:00';
set @i2=2;
execute stmt_delete using @i1,@f1,@s1,@d1,@i2;
set @i1=2;
set @f1=2.5;
set @s1='2,abcdefg';
set @d1=timestamp'2020-02-02 20:00:00';
set @i2=1;
execute stmt_delete using @i1,@f1,@s1,@d1,@i2;
set @i1=1;
set @f1=1.5;
set @s1='1,abcdefg';
set @d1=timestamp'2020-02-02 20:00:00';
set @i2=0;
execute stmt_delete using @i1,@f1,@s1,@d1,@i2;
select * from t2;
i1	f1	s1	d1	i2	f2	s2	d2
drop table t2;
create table t3(i1 int, f1 float, s1 varchar, d1 datetime, i2 int, f2 float,s2 varchar, d2 datetime,primary key(i1,f1,s1,d1));
prepare stmt_delete_f2  from delete from t3 where i1=? and f1=? and s1=? and d1=? and f2=?;
prepare stmt_replace from replace into t3 values(?,?,?,?,?,?,?,?);
set @i1=10;
set @f1=10.5;
set @s1='10#abcdefg';
set @d1=timestamp'2020-02-02 20:00:00';
set @i2=9;
set @f2=9.5;
set @s2='9!abcdefg';
set @d2=timestamp'2020-02-01 20:00:00';
execute stmt_replace using @i1,@f1,@s1,@d1,@i2,@f2,@s2,@d2;
set @i1=9;
set @f1=9.5;
set @s1='9#abcdefg';
set @d1=timestamp'2020-02-02 20:00:00';
set @i2=8;
set @f2=8.5;
set @s2='8!abcdefg';
set @d2=timestamp'2020-02-01 20:00:00';
execute stmt_replace using @i1,@f1,@s1,@d1,@i2,@f2,@s2,@d2;
set @i1=8;
set @f1=8.5;
set @s1='8#abcdefg';
set @d1=timestamp'2020-02-02 20:00:00';
set @i2=7;
set @f2=7.5;
set @s2='7!abcdefg';
set @d2=timestamp'2020-02-01 20:00:00';
execute stmt_replace using @i1,@f1,@s1,@d1,@i2,@f2,@s2,@d2;
set @i1=7;
set @f1=7.5;
set @s1='7#abcdefg';
set @d1=timestamp'2020-02-02 20:00:00';
set @i2=6;
set @f2=6.5;
set @s2='6!abcdefg';
set @d2=timestamp'2020-02-01 20:00:00';
execute stmt_replace using @i1,@f1,@s1,@d1,@i2,@f2,@s2,@d2;
set @i1=6;
set @f1=6.5;
set @s1='6#abcdefg';
set @d1=timestamp'2020-02-02 20:00:00';
set @i2=5;
set @f2=5.5;
set @s2='5!abcdefg';
set @d2=timestamp'2020-02-01 20:00:00';
execute stmt_replace using @i1,@f1,@s1,@d1,@i2,@f2,@s2,@d2;
set @i1=5;
set @f1=5.5;
set @s1='5#abcdefg';
set @d1=timestamp'2020-02-02 20:00:00';
set @i2=4;
set @f2=4.5;
set @s2='4!abcdefg';
set @d2=timestamp'2020-02-01 20:00:00';
execute stmt_replace using @i1,@f1,@s1,@d1,@i2,@f2,@s2,@d2;
set @i1=4;
set @f1=4.5;
set @s1='4#abcdefg';
set @d1=timestamp'2020-02-02 20:00:00';
set @i2=3;
set @f2=3.5;
set @s2='3!abcdefg';
set @d2=timestamp'2020-02-01 20:00:00';
execute stmt_replace using @i1,@f1,@s1,@d1,@i2,@f2,@s2,@d2;
set @i1=3;
set @f1=3.5;
set @s1='3#abcdefg';
set @d1=timestamp'2020-02-02 20:00:00';
set @i2=2;
set @f2=2.5;
set @s2='2!abcdefg';
set @d2=timestamp'2020-02-01 20:00:00';
execute stmt_replace using @i1,@f1,@s1,@d1,@i2,@f2,@s2,@d2;
set @i1=2;
set @f1=2.5;
set @s1='2#abcdefg';
set @d1=timestamp'2020-02-02 20:00:00';
set @i2=1;
set @f2=1.5;
set @s2='1!abcdefg';
set @d2=timestamp'2020-02-01 20:00:00';
execute stmt_replace using @i1,@f1,@s1,@d1,@i2,@f2,@s2,@d2;
set @i1=1;
set @f1=1.5;
set @s1='1#abcdefg';
set @d1=timestamp'2020-02-02 20:00:00';
set @i2=0;
set @f2=0.5;
set @s2='0!abcdefg';
set @d2=timestamp'2020-02-01 20:00:00';
execute stmt_replace using @i1,@f1,@s1,@d1,@i2,@f2,@s2,@d2;
set @i1=10;
set @s1='10#abcdefg';
set @d1=timestamp'2020-02-02 20:00:00';
set @f2=9.5;
execute stmt_delete_f2 using @i1,@f1,@s1,@d1,@f2;
set @i1=9;
set @s1='9#abcdefg';
set @d1=timestamp'2020-02-02 20:00:00';
set @f2=8.5;
execute stmt_delete_f2 using @i1,@f1,@s1,@d1,@f2;
set @i1=8;
set @s1='8#abcdefg';
set @d1=timestamp'2020-02-02 20:00:00';
set @f2=7.5;
execute stmt_delete_f2 using @i1,@f1,@s1,@d1,@f2;
set @i1=7;
set @s1='7#abcdefg';
set @d1=timestamp'2020-02-02 20:00:00';
set @f2=6.5;
execute stmt_delete_f2 using @i1,@f1,@s1,@d1,@f2;
set @i1=6;
set @s1='6#abcdefg';
set @d1=timestamp'2020-02-02 20:00:00';
set @f2=5.5;
execute stmt_delete_f2 using @i1,@f1,@s1,@d1,@f2;
set @i1=5;
set @s1='5#abcdefg';
set @d1=timestamp'2020-02-02 20:00:00';
set @f2=4.5;
execute stmt_delete_f2 using @i1,@f1,@s1,@d1,@f2;
set @i1=4;
set @s1='4#abcdefg';
set @d1=timestamp'2020-02-02 20:00:00';
set @f2=3.5;
execute stmt_delete_f2 using @i1,@f1,@s1,@d1,@f2;
set @i1=3;
set @s1='3#abcdefg';
set @d1=timestamp'2020-02-02 20:00:00';
set @f2=2.5;
execute stmt_delete_f2 using @i1,@f1,@s1,@d1,@f2;
set @i1=2;
set @s1='2#abcdefg';
set @d1=timestamp'2020-02-02 20:00:00';
set @f2=1.5;
execute stmt_delete_f2 using @i1,@f1,@s1,@d1,@f2;
set @i1=1;
set @s1='1#abcdefg';
set @d1=timestamp'2020-02-02 20:00:00';
set @f2=0.5;
execute stmt_delete_f2 using @i1,@f1,@s1,@d1,@f2;
select * from t3;
i1	f1	s1	d1	i2	f2	s2	d2
2	2.5	2#abcdefg	2020-02-02 20:00:00	1	1.5	1!abcdefg	2020-02-01 20:00:00
3	3.5	3#abcdefg	2020-02-02 20:00:00	2	2.5	2!abcdefg	2020-02-01 20:00:00
4	4.5	4#abcdefg	2020-02-02 20:00:00	3	3.5	3!abcdefg	2020-02-01 20:00:00
5	5.5	5#abcdefg	2020-02-02 20:00:00	4	4.5	4!abcdefg	2020-02-01 20:00:00
6	6.5	6#abcdefg	2020-02-02 20:00:00	5	5.5	5!abcdefg	2020-02-01 20:00:00
7	7.5	7#abcdefg	2020-02-02 20:00:00	6	6.5	6!abcdefg	2020-02-01 20:00:00
8	8.5	8#abcdefg	2020-02-02 20:00:00	7	7.5	7!abcdefg	2020-02-01 20:00:00
9	9.5	9#abcdefg	2020-02-02 20:00:00	8	8.5	8!abcdefg	2020-02-01 20:00:00
10	10.5	10#abcdefg	2020-02-02 20:00:00	9	9.5	9!abcdefg	2020-02-01 20:00:00
drop table t3;
create table t4(i1 int, f1 float, s1 varchar, d1 datetime, i2 int, f2 float,s2 varchar, d2 datetime,primary key(i1,f1,s1,d1));
prepare stmt_delete_s2  from delete from t4 where i1=? and f1=? and s1=? and d1=? and s2=?;
prepare stmt_replace from replace into t4 values(?,?,?,?,?,?,?,?);
set @i1=10;
set @f1=10.5;
set @s1='10''abcdefg';
set @d1=timestamp'2020-02-02 20:00:00';
set @i2=9;
set @f2=9.5;
set @s2='9 abcdefg';
set @d2=timestamp'2020-02-01 20:00:00';
execute stmt_replace using @i1,@f1,@s1,@d1,@i2,@f2,@s2,@d2;
set @i1=9;
set @f1=9.5;
set @s1='9''abcdefg';
set @d1=timestamp'2020-02-02 20:00:00';
set @i2=8;
set @f2=8.5;
set @s2='8 abcdefg';
set @d2=timestamp'2020-02-01 20:00:00';
execute stmt_replace using @i1,@f1,@s1,@d1,@i2,@f2,@s2,@d2;
set @i1=8;
set @f1=8.5;
set @s1='8''abcdefg';
set @d1=timestamp'2020-02-02 20:00:00';
set @i2=7;
set @f2=7.5;
set @s2='7 abcdefg';
set @d2=timestamp'2020-02-01 20:00:00';
execute stmt_replace using @i1,@f1,@s1,@d1,@i2,@f2,@s2,@d2;
set @i1=7;
set @f1=7.5;
set @s1='7''abcdefg';
set @d1=timestamp'2020-02-02 20:00:00';
set @i2=6;
set @f2=6.5;
set @s2='6 abcdefg';
set @d2=timestamp'2020-02-01 20:00:00';
execute stmt_replace using @i1,@f1,@s1,@d1,@i2,@f2,@s2,@d2;
set @i1=6;
set @f1=6.5;
set @s1='6''abcdefg';
set @d1=timestamp'2020-02-02 20:00:00';
set @i2=5;
set @f2=5.5;
set @s2='5 abcdefg';
set @d2=timestamp'2020-02-01 20:00:00';
execute stmt_replace using @i1,@f1,@s1,@d1,@i2,@f2,@s2,@d2;
set @i1=5;
set @f1=5.5;
set @s1='5''abcdefg';
set @d1=timestamp'2020-02-02 20:00:00';
set @i2=4;
set @f2=4.5;
set @s2='4 abcdefg';
set @d2=timestamp'2020-02-01 20:00:00';
execute stmt_replace using @i1,@f1,@s1,@d1,@i2,@f2,@s2,@d2;
set @i1=4;
set @f1=4.5;
set @s1='4''abcdefg';
set @d1=timestamp'2020-02-02 20:00:00';
set @i2=3;
set @f2=3.5;
set @s2='3 abcdefg';
set @d2=timestamp'2020-02-01 20:00:00';
execute stmt_replace using @i1,@f1,@s1,@d1,@i2,@f2,@s2,@d2;
set @i1=3;
set @f1=3.5;
set @s1='3''abcdefg';
set @d1=timestamp'2020-02-02 20:00:00';
set @i2=2;
set @f2=2.5;
set @s2='2 abcdefg';
set @d2=timestamp'2020-02-01 20:00:00';
execute stmt_replace using @i1,@f1,@s1,@d1,@i2,@f2,@s2,@d2;
set @i1=2;
set @f1=2.5;
set @s1='2''abcdefg';
set @d1=timestamp'2020-02-02 20:00:00';
set @i2=1;
set @f2=1.5;
set @s2='1 abcdefg';
set @d2=timestamp'2020-02-01 20:00:00';
execute stmt_replace using @i1,@f1,@s1,@d1,@i2,@f2,@s2,@d2;
set @i1=1;
set @f1=1.5;
set @s1='1''abcdefg';
set @d1=timestamp'2020-02-02 20:00:00';
set @i2=0;
set @f2=0.5;
set @s2='0 abcdefg';
set @d2=timestamp'2020-02-01 20:00:00';
execute stmt_replace using @i1,@f1,@s1,@d1,@i2,@f2,@s2,@d2;
set @i1=10;
set @f1=10.5;
set @s1='10''abcdefg';
set @d1=timestamp'2020-02-02 20:00:00';
set @s2='9 abcdefg';
execute stmt_delete_s2 using @i1,@f1,@s1,@d1,@s2;
set @i1=9;
set @f1=9.5;
set @s1='9''abcdefg';
set @d1=timestamp'2020-02-02 20:00:00';
set @s2='8 abcdefg';
execute stmt_delete_s2 using @i1,@f1,@s1,@d1,@s2;
set @i1=8;
set @f1=8.5;
set @s1='8''abcdefg';
set @d1=timestamp'2020-02-02 20:00:00';
set @s2='7 abcdefg';
execute stmt_delete_s2 using @i1,@f1,@s1,@d1,@s2;
set @i1=7;
set @f1=7.5;
set @s1='7''abcdefg';
set @d1=timestamp'2020-02-02 20:00:00';
set @s2='6 abcdefg';
execute stmt_delete_s2 using @i1,@f1,@s1,@d1,@s2;
set @i1=6;
set @f1=6.5;
set @s1='6''abcdefg';
set @d1=timestamp'2020-02-02 20:00:00';
set @s2='5 abcdefg';
execute stmt_delete_s2 using @i1,@f1,@s1,@d1,@s2;
set @i1=5;
set @f1=5.5;
set @s1='5''abcdefg';
set @d1=timestamp'2020-02-02 20:00:00';
set @s2='4 abcdefg';
execute stmt_delete_s2 using @i1,@f1,@s1,@d1,@s2;
set @i1=4;
set @f1=4.5;
set @s1='4''abcdefg';
set @d1=timestamp'2020-02-02 20:00:00';
set @s2='3 abcdefg';
execute stmt_delete_s2 using @i1,@f1,@s1,@d1,@s2;
set @i1=3;
set @f1=3.5;
set @s1='3''abcdefg';
set @d1=timestamp'2020-02-02 20:00:00';
set @s2='2 abcdefg';
execute stmt_delete_s2 using @i1,@f1,@s1,@d1,@s2;
set @i1=2;
set @f1=2.5;
set @s1='2''abcdefg';
set @d1=timestamp'2020-02-02 20:00:00';
set @s2='1 abcdefg';
execute stmt_delete_s2 using @i1,@f1,@s1,@d1,@s2;
set @i1=1;
set @f1=1.5;
set @s1='1''abcdefg';
set @d1=timestamp'2020-02-02 20:00:00';
set @s2='0 abcdefg';
execute stmt_delete_s2 using @i1,@f1,@s1,@d1,@s2;
select * from t4;
i1	f1	s1	d1	i2	f2	s2	d2
drop table t4;
create table t5(i1 int, f1 float, s1 varchar, d1 datetime, i2 int, f2 float,s2 varchar, d2 datetime,primary key(i1,f1,s1,d1));
prepare stmt_delete_d2  from delete from t5 where i1=? and f1=? and s1=? and d1=? and d2=?;
prepare stmt_replace from replace into t5 values(?,?,?,?,?,?,?,?);
set @i1=10;
set @f1=10.5;
set @s1='10 abcdefg';
set @d1=timestamp'2020-02-02 20:00:00';
set @i2=9;
set @f2=9.5;
set @s2='9 abcdefg';
set @d2=timestamp'2020-02-01 20:00:00';
execute stmt_replace using @i1,@f1,@s1,@d1,@i2,@f2,@s2,@d2;
set @i1=9;
set @f1=9.5;
set @s1='9 abcdefg';
set @d1=timestamp'2020-02-02 20:00:00';
set @i2=8;
set @f2=8.5;
set @s2='8 abcdefg';
set @d2=timestamp'2020-02-01 20:00:00';
execute stmt_replace using @i1,@f1,@s1,@d1,@i2,@f2,@s2,@d2;
set @i1=8;
set @f1=8.5;
set @s1='8 abcdefg';
set @d1=timestamp'2020-02-02 20:00:00';
set @i2=7;
set @f2=7.5;
set @s2='7 abcdefg';
set @d2=timestamp'2020-02-01 20:00:00';
execute stmt_replace using @i1,@f1,@s1,@d1,@i2,@f2,@s2,@d2;
set @i1=7;
set @f1=7.5;
set @s1='7 abcdefg';
set @d1=timestamp'2020-02-02 20:00:00';
set @i2=6;
set @f2=6.5;
set @s2='6 abcdefg';
set @d2=timestamp'2020-02-01 20:00:00';
execute stmt_replace using @i1,@f1,@s1,@d1,@i2,@f2,@s2,@d2;
set @i1=6;
set @f1=6.5;
set @s1='6 abcdefg';
set @d1=timestamp'2020-02-02 20:00:00';
set @i2=5;
set @f2=5.5;
set @s2='5 abcdefg';
set @d2=timestamp'2020-02-01 20:00:00';
execute stmt_replace using @i1,@f1,@s1,@d1,@i2,@f2,@s2,@d2;
set @i1=5;
set @f1=5.5;
set @s1='5 abcdefg';
set @d1=timestamp'2020-02-02 20:00:00';
set @i2=4;
set @f2=4.5;
set @s2='4 abcdefg';
set @d2=timestamp'2020-02-01 20:00:00';
execute stmt_replace using @i1,@f1,@s1,@d1,@i2,@f2,@s2,@d2;
set @i1=4;
set @f1=4.5;
set @s1='4 abcdefg';
set @d1=timestamp'2020-02-02 20:00:00';
set @i2=3;
set @f2=3.5;
set @s2='3 abcdefg';
set @d2=timestamp'2020-02-01 20:00:00';
execute stmt_replace using @i1,@f1,@s1,@d1,@i2,@f2,@s2,@d2;
set @i1=3;
set @f1=3.5;
set @s1='3 abcdefg';
set @d1=timestamp'2020-02-02 20:00:00';
set @i2=2;
set @f2=2.5;
set @s2='2 abcdefg';
set @d2=timestamp'2020-02-01 20:00:00';
execute stmt_replace using @i1,@f1,@s1,@d1,@i2,@f2,@s2,@d2;
set @i1=2;
set @f1=2.5;
set @s1='2 abcdefg';
set @d1=timestamp'2020-02-02 20:00:00';
set @i2=1;
set @f2=1.5;
set @s2='1 abcdefg';
set @d2=timestamp'2020-02-01 20:00:00';
execute stmt_replace using @i1,@f1,@s1,@d1,@i2,@f2,@s2,@d2;
set @i1=1;
set @f1=1.5;
set @s1='1 abcdefg';
set @d1=timestamp'2020-02-02 20:00:00';
set @i2=0;
set @f2=0.5;
set @s2='0 abcdefg';
set @d2=timestamp'2020-02-01 20:00:00';
execute stmt_replace using @i1,@f1,@s1,@d1,@i2,@f2,@s2,@d2;
set @i1=10;
set @f1=10.5;
set @s1='10 abcdefg';
set @d1=timestamp'2020-02-02 20:00:00';
set @d2=timestamp'2020-02-01 20:00:00';
execute stmt_delete_d2 using @i1,@f1,@s1,@d1,@d2;
set @i1=9;
set @f1=9.5;
set @s1='9 abcdefg';
set @d1=timestamp'2020-02-02 20:00:00';
set @d2=timestamp'2020-02-01 20:00:00';
execute stmt_delete_d2 using @i1,@f1,@s1,@d1,@d2;
set @i1=8;
set @f1=8.5;
set @s1='8 abcdefg';
set @d1=timestamp'2020-02-02 20:00:00';
set @d2=timestamp'2020-02-01 20:00:00';
execute stmt_delete_d2 using @i1,@f1,@s1,@d1,@d2;
set @i1=7;
set @f1=7.5;
set @s1='7 abcdefg';
set @d1=timestamp'2020-02-02 20:00:00';
set @d2=timestamp'2020-02-01 20:00:00';
execute stmt_delete_d2 using @i1,@f1,@s1,@d1,@d2;
set @i1=6;
set @f1=6.5;
set @s1='6 abcdefg';
set @d1=timestamp'2020-02-02 20:00:00';
set @d2=timestamp'2020-02-01 20:00:00';
execute stmt_delete_d2 using @i1,@f1,@s1,@d1,@d2;
set @i1=5;
set @f1=5.5;
set @s1='5 abcdefg';
set @d1=timestamp'2020-02-02 20:00:00';
set @d2=timestamp'2020-02-01 20:00:00';
execute stmt_delete_d2 using @i1,@f1,@s1,@d1,@d2;
set @i1=4;
set @f1=4.5;
set @s1='4 abcdefg';
set @d1=timestamp'2020-02-02 20:00:00';
set @d2=timestamp'2020-02-01 20:00:00';
execute stmt_delete_d2 using @i1,@f1,@s1,@d1,@d2;
set @i1=3;
set @f1=3.5;
set @s1='3 abcdefg';
set @d1=timestamp'2020-02-02 20:00:00';
set @d2=timestamp'2020-02-01 20:00:00';
execute stmt_delete_d2 using @i1,@f1,@s1,@d1,@d2;
set @i1=2;
set @f1=2.5;
set @s1='2 abcdefg';
set @d1=timestamp'2020-02-02 20:00:00';
set @d2=timestamp'2020-02-01 20:00:00';
execute stmt_delete_d2 using @i1,@f1,@s1,@d1,@d2;
set @i1=1;
set @f1=1.5;
set @s1='1 abcdefg';
set @d1=timestamp'2020-02-02 20:00:00';
set @d2=timestamp'2020-02-01 20:00:00';
execute stmt_delete_d2 using @i1,@f1,@s1,@d1,@d2;
select * from t5;
i1	f1	s1	d1	i2	f2	s2	d2
drop table t5;
create table t6(i1 int, f1 float, s1 varchar, d1 datetime, i2 int, f2 float,s2 varchar, d2 datetime,primary key(i1,f1,s1,d1));
prepare stmt_delete_all from delete from t6 where i1=? and f1=? and s1=? and d1=? and i2=? and f2=? and s2=? and d2=?;
prepare stmt_replace from replace into t6 values(?,?,?,?,?,?,?,?);
set @i1=10;
set @f1=10.5;
set @s1='10^abcdefg';
set @d1=timestamp'2020-02-02 20:00:00';
set @i2=9;
set @f2=9.5;
set @s2='9^abcdefg';
set @d2=timestamp'2020-02-01 20:00:00';
execute stmt_replace using @i1,@f1,@s1,@d1,@i2,@f2,@s2,@d2;
set @i1=9;
set @f1=9.5;
set @s1='9^abcdefg';
set @d1=timestamp'2020-02-02 20:00:00';
set @i2=8;
set @f2=8.5;
set @s2='8^abcdefg';
set @d2=timestamp'2020-02-01 20:00:00';
execute stmt_replace using @i1,@f1,@s1,@d1,@i2,@f2,@s2,@d2;
set @i1=8;
set @f1=8.5;
set @s1='8^abcdefg';
set @d1=timestamp'2020-02-02 20:00:00';
set @i2=7;
set @f2=7.5;
set @s2='7^abcdefg';
set @d2=timestamp'2020-02-01 20:00:00';
execute stmt_replace using @i1,@f1,@s1,@d1,@i2,@f2,@s2,@d2;
set @i1=7;
set @f1=7.5;
set @s1='7^abcdefg';
set @d1=timestamp'2020-02-02 20:00:00';
set @i2=6;
set @f2=6.5;
set @s2='6^abcdefg';
set @d2=timestamp'2020-02-01 20:00:00';
execute stmt_replace using @i1,@f1,@s1,@d1,@i2,@f2,@s2,@d2;
set @i1=6;
set @f1=6.5;
set @s1='6^abcdefg';
set @d1=timestamp'2020-02-02 20:00:00';
set @i2=5;
set @f2=5.5;
set @s2='5^abcdefg';
set @d2=timestamp'2020-02-01 20:00:00';
execute stmt_replace using @i1,@f1,@s1,@d1,@i2,@f2,@s2,@d2;
set @i1=5;
set @f1=5.5;
set @s1='5^abcdefg';
set @d1=timestamp'2020-02-02 20:00:00';
set @i2=4;
set @f2=4.5;
set @s2='4^abcdefg';
set @d2=timestamp'2020-02-01 20:00:00';
execute stmt_replace using @i1,@f1,@s1,@d1,@i2,@f2,@s2,@d2;
set @i1=4;
set @f1=4.5;
set @s1='4^abcdefg';
set @d1=timestamp'2020-02-02 20:00:00';
set @i2=3;
set @f2=3.5;
set @s2='3^abcdefg';
set @d2=timestamp'2020-02-01 20:00:00';
execute stmt_replace using @i1,@f1,@s1,@d1,@i2,@f2,@s2,@d2;
set @i1=3;
set @f1=3.5;
set @s1='3^abcdefg';
set @d1=timestamp'2020-02-02 20:00:00';
set @i2=2;
set @f2=2.5;
set @s2='2^abcdefg';
set @d2=timestamp'2020-02-01 20:00:00';
execute stmt_replace using @i1,@f1,@s1,@d1,@i2,@f2,@s2,@d2;
set @i1=2;
set @f1=2.5;
set @s1='2^abcdefg';
set @d1=timestamp'2020-02-02 20:00:00';
set @i2=1;
set @f2=1.5;
set @s2='1^abcdefg';
set @d2=timestamp'2020-02-01 20:00:00';
execute stmt_replace using @i1,@f1,@s1,@d1,@i2,@f2,@s2,@d2;
set @i1=1;
set @f1=1.5;
set @s1='1^abcdefg';
set @d1=timestamp'2020-02-02 20:00:00';
set @i2=0;
set @f2=0.5;
set @s2='0^abcdefg';
set @d2=timestamp'2020-02-01 20:00:00';
execute stmt_replace using @i1,@f1,@s1,@d1,@i2,@f2,@s2,@d2;
set @i1=10;
set @f1=10.5;
set @s1='10^abcdefg';
set @d1=timestamp'2020-02-02 20:00:00';
set @i2=9;
set @f2=9.5;
set @s2='9^abcdefg';
set @d2=timestamp'2020-02-01 20:00:00';
execute stmt_delete_all using @i1,@f1,@s1,@d1,@i2,@f2,@s2,@d2;
set @i1=9;
set @f1=9.5;
set @s1='9^abcdefg';
set @d1=timestamp'2020-02-02 20:00:00';
set @i2=8;
set @f2=8.5;
set @s2='8^abcdefg';
set @d2=timestamp'2020-02-01 20:00:00';
execute stmt_delete_all using @i1,@f1,@s1,@d1,@i2,@f2,@s2,@d2;
set @i1=8;
set @f1=8.5;
set @s1='8^abcdefg';
set @d1=timestamp'2020-02-02 20:00:00';
set @i2=7;
set @f2=7.5;
set @s2='7^abcdefg';
set @d2=timestamp'2020-02-01 20:00:00';
execute stmt_delete_all using @i1,@f1,@s1,@d1,@i2,@f2,@s2,@d2;
set @i1=7;
set @f1=7.5;
set @s1='7^abcdefg';
set @d1=timestamp'2020-02-02 20:00:00';
set @i2=6;
set @f2=6.5;
set @s2='6^abcdefg';
set @d2=timestamp'2020-02-01 20:00:00';
execute stmt_delete_all using @i1,@f1,@s1,@d1,@i2,@f2,@s2,@d2;
set @i1=6;
set @f1=6.5;
set @s1='6^abcdefg';
set @d1=timestamp'2020-02-02 20:00:00';
set @i2=5;
set @f2=5.5;
set @s2='5^abcdefg';
set @d2=timestamp'2020-02-01 20:00:00';
execute stmt_delete_all using @i1,@f1,@s1,@d1,@i2,@f2,@s2,@d2;
set @i1=5;
set @f1=5.5;
set @s1='5^abcdefg';
set @d1=timestamp'2020-02-02 20:00:00';
set @i2=4;
set @f2=4.5;
set @s2='4^abcdefg';
set @d2=timestamp'2020-02-01 20:00:00';
execute stmt_delete_all using @i1,@f1,@s1,@d1,@i2,@f2,@s2,@d2;
set @i1=4;
set @f1=4.5;
set @s1='4^abcdefg';
set @d1=timestamp'2020-02-02 20:00:00';
set @i2=3;
set @f2=3.5;
set @s2='3^abcdefg';
set @d2=timestamp'2020-02-01 20:00:00';
execute stmt_delete_all using @i1,@f1,@s1,@d1,@i2,@f2,@s2,@d2;
set @i1=3;
set @f1=3.5;
set @s1='3^abcdefg';
set @d1=timestamp'2020-02-02 20:00:00';
set @i2=2;
set @f2=2.5;
set @s2='2^abcdefg';
set @d2=timestamp'2020-02-01 20:00:00';
execute stmt_delete_all using @i1,@f1,@s1,@d1,@i2,@f2,@s2,@d2;
set @i1=2;
set @f1=2.5;
set @s1='2^abcdefg';
set @d1=timestamp'2020-02-02 20:00:00';
set @i2=1;
set @f2=1.5;
set @s2='1^abcdefg';
set @d2=timestamp'2020-02-01 20:00:00';
execute stmt_delete_all using @i1,@f1,@s1,@d1,@i2,@f2,@s2,@d2;
set @i1=1;
set @f1=1.5;
set @s1='1^abcdefg';
set @d1=timestamp'2020-02-02 20:00:00';
set @i2=0;
set @f2=0.5;
set @s2='0^abcdefg';
set @d2=timestamp'2020-02-01 20:00:00';
execute stmt_delete_all using @i1,@f1,@s1,@d1,@i2,@f2,@s2,@d2;
select * from t6;
i1	f1	s1	d1	i2	f2	s2	d2
drop table t6;
