drop table if exists t1,t2,t3,t4;
create table t1(i1 int, f1 float, s1 varchar, d1 datetime, i2 int, f2 float,s2 varchar, d2 datetime,primary key(i1,f1,s1,d1));
prepare stmt_replace from replace into t1 values(?,?,?,?,?,?,?,?);
set @i1=10;
set @f1=10.5;
set @s1='abcdefg';
set @d1=timestamp'2020-02-02 20:00:00';
set @i2=9;
set @f2=9.5;
set @s2='abcdefgh';
set @d2=timestamp'2020-02-01 20:00:00';
execute stmt_replace using @i1,@f1,@s1,@d1,@i2,@f2,@s2,@d2;
set @i1=9;
set @f1=9.5;
set @s1='abcdefg';
set @d1=timestamp'2020-02-02 20:00:00';
set @i2=8;
set @f2=8.5;
set @s2='abcdefgh';
set @d2=timestamp'2020-02-01 20:00:00';
execute stmt_replace using @i1,@f1,@s1,@d1,@i2,@f2,@s2,@d2;
set @i1=8;
set @f1=8.5;
set @s1='abcdefg';
set @d1=timestamp'2020-02-02 20:00:00';
set @i2=7;
set @f2=7.5;
set @s2='abcdefgh';
set @d2=timestamp'2020-02-01 20:00:00';
execute stmt_replace using @i1,@f1,@s1,@d1,@i2,@f2,@s2,@d2;
set @i1=7;
set @f1=7.5;
set @s1='abcdefg';
set @d1=timestamp'2020-02-02 20:00:00';
set @i2=6;
set @f2=6.5;
set @s2='abcdefgh';
set @d2=timestamp'2020-02-01 20:00:00';
execute stmt_replace using @i1,@f1,@s1,@d1,@i2,@f2,@s2,@d2;
set @i1=6;
set @f1=6.5;
set @s1='abcdefg';
set @d1=timestamp'2020-02-02 20:00:00';
set @i2=5;
set @f2=5.5;
set @s2='abcdefgh';
set @d2=timestamp'2020-02-01 20:00:00';
execute stmt_replace using @i1,@f1,@s1,@d1,@i2,@f2,@s2,@d2;
set @i1=5;
set @f1=5.5;
set @s1='abcdefg';
set @d1=timestamp'2020-02-02 20:00:00';
set @i2=4;
set @f2=4.5;
set @s2='abcdefgh';
set @d2=timestamp'2020-02-01 20:00:00';
execute stmt_replace using @i1,@f1,@s1,@d1,@i2,@f2,@s2,@d2;
set @i1=4;
set @f1=4.5;
set @s1='abcdefg';
set @d1=timestamp'2020-02-02 20:00:00';
set @i2=3;
set @f2=3.5;
set @s2='abcdefgh';
set @d2=timestamp'2020-02-01 20:00:00';
execute stmt_replace using @i1,@f1,@s1,@d1,@i2,@f2,@s2,@d2;
set @i1=3;
set @f1=3.5;
set @s1='abcdefg';
set @d1=timestamp'2020-02-02 20:00:00';
set @i2=2;
set @f2=2.5;
set @s2='abcdefgh';
set @d2=timestamp'2020-02-01 20:00:00';
execute stmt_replace using @i1,@f1,@s1,@d1,@i2,@f2,@s2,@d2;
set @i1=2;
set @f1=2.5;
set @s1='abcdefg';
set @d1=timestamp'2020-02-02 20:00:00';
set @i2=1;
set @f2=1.5;
set @s2='abcdefgh';
set @d2=timestamp'2020-02-01 20:00:00';
execute stmt_replace using @i1,@f1,@s1,@d1,@i2,@f2,@s2,@d2;
set @i1=1;
set @f1=1.5;
set @s1='abcdefg';
set @d1=timestamp'2020-02-02 20:00:00';
set @i2=0;
set @f2=0.5;
set @s2='abcdefgh';
set @d2=timestamp'2020-02-01 20:00:00';
execute stmt_replace using @i1,@f1,@s1,@d1,@i2,@f2,@s2,@d2;
select * from t1;
i1	f1	s1	d1	i2	f2	s2	d2
1	1.5	abcdefg	2020-02-02 20:00:00	0	0.5	abcdefgh	2020-02-01 20:00:00
2	2.5	abcdefg	2020-02-02 20:00:00	1	1.5	abcdefgh	2020-02-01 20:00:00
3	3.5	abcdefg	2020-02-02 20:00:00	2	2.5	abcdefgh	2020-02-01 20:00:00
4	4.5	abcdefg	2020-02-02 20:00:00	3	3.5	abcdefgh	2020-02-01 20:00:00
5	5.5	abcdefg	2020-02-02 20:00:00	4	4.5	abcdefgh	2020-02-01 20:00:00
6	6.5	abcdefg	2020-02-02 20:00:00	5	5.5	abcdefgh	2020-02-01 20:00:00
7	7.5	abcdefg	2020-02-02 20:00:00	6	6.5	abcdefgh	2020-02-01 20:00:00
8	8.5	abcdefg	2020-02-02 20:00:00	7	7.5	abcdefgh	2020-02-01 20:00:00
9	9.5	abcdefg	2020-02-02 20:00:00	8	8.5	abcdefgh	2020-02-01 20:00:00
10	10.5	abcdefg	2020-02-02 20:00:00	9	9.5	abcdefgh	2020-02-01 20:00:00
drop table t1;
create table t1(i1 int, f1 float, s1 varchar, d1 datetime, i2 int, f2 float,s2 varchar, d2 datetime,primary key(i1,f1,s1,d1));
prepare stmt_replace_i1 from replace into t1 values(1,?,?,?,?,?,?,?);
set @f1=10.5;
set @s1='abcdefg';
set @d1=timestamp'2020-02-02 20:00:00';
set @i2=9;
set @f2=9.5;
set @s2='abcdefgh';
set @d2=timestamp'2020-02-01 20:00:00';
execute stmt_replace_i1 using @f1,@s1,@d1,@i2,@f2,@s2,@d2;
set @f1=9.5;
set @s1='abcdefg';
set @d1=timestamp'2020-02-02 20:00:00';
set @i2=8;
set @f2=8.5;
set @s2='abcdefgh';
set @d2=timestamp'2020-02-01 20:00:00';
execute stmt_replace_i1 using @f1,@s1,@d1,@i2,@f2,@s2,@d2;
set @f1=8.5;
set @s1='abcdefg';
set @d1=timestamp'2020-02-02 20:00:00';
set @i2=7;
set @f2=7.5;
set @s2='abcdefgh';
set @d2=timestamp'2020-02-01 20:00:00';
execute stmt_replace_i1 using @f1,@s1,@d1,@i2,@f2,@s2,@d2;
set @f1=7.5;
set @s1='abcdefg';
set @d1=timestamp'2020-02-02 20:00:00';
set @i2=6;
set @f2=6.5;
set @s2='abcdefgh';
set @d2=timestamp'2020-02-01 20:00:00';
execute stmt_replace_i1 using @f1,@s1,@d1,@i2,@f2,@s2,@d2;
set @f1=6.5;
set @s1='abcdefg';
set @d1=timestamp'2020-02-02 20:00:00';
set @i2=5;
set @f2=5.5;
set @s2='abcdefgh';
set @d2=timestamp'2020-02-01 20:00:00';
execute stmt_replace_i1 using @f1,@s1,@d1,@i2,@f2,@s2,@d2;
set @f1=5.5;
set @s1='abcdefg';
set @d1=timestamp'2020-02-02 20:00:00';
set @i2=4;
set @f2=4.5;
set @s2='abcdefgh';
set @d2=timestamp'2020-02-01 20:00:00';
execute stmt_replace_i1 using @f1,@s1,@d1,@i2,@f2,@s2,@d2;
set @f1=4.5;
set @s1='abcdefg';
set @d1=timestamp'2020-02-02 20:00:00';
set @i2=3;
set @f2=3.5;
set @s2='abcdefgh';
set @d2=timestamp'2020-02-01 20:00:00';
execute stmt_replace_i1 using @f1,@s1,@d1,@i2,@f2,@s2,@d2;
set @f1=3.5;
set @s1='abcdefg';
set @d1=timestamp'2020-02-02 20:00:00';
set @i2=2;
set @f2=2.5;
set @s2='abcdefgh';
set @d2=timestamp'2020-02-01 20:00:00';
execute stmt_replace_i1 using @f1,@s1,@d1,@i2,@f2,@s2,@d2;
set @f1=2.5;
set @s1='abcdefg';
set @d1=timestamp'2020-02-02 20:00:00';
set @i2=1;
set @f2=1.5;
set @s2='abcdefgh';
set @d2=timestamp'2020-02-01 20:00:00';
execute stmt_replace_i1 using @f1,@s1,@d1,@i2,@f2,@s2,@d2;
set @f1=1.5;
set @s1='abcdefg';
set @d1=timestamp'2020-02-02 20:00:00';
set @i2=0;
set @f2=0.5;
set @s2='abcdefgh';
set @d2=timestamp'2020-02-01 20:00:00';
execute stmt_replace_i1 using @f1,@s1,@d1,@i2,@f2,@s2,@d2;
select * from t1;
i1	f1	s1	d1	i2	f2	s2	d2
1	1.5	abcdefg	2020-02-02 20:00:00	0	0.5	abcdefgh	2020-02-01 20:00:00
1	2.5	abcdefg	2020-02-02 20:00:00	1	1.5	abcdefgh	2020-02-01 20:00:00
1	3.5	abcdefg	2020-02-02 20:00:00	2	2.5	abcdefgh	2020-02-01 20:00:00
1	4.5	abcdefg	2020-02-02 20:00:00	3	3.5	abcdefgh	2020-02-01 20:00:00
1	5.5	abcdefg	2020-02-02 20:00:00	4	4.5	abcdefgh	2020-02-01 20:00:00
1	6.5	abcdefg	2020-02-02 20:00:00	5	5.5	abcdefgh	2020-02-01 20:00:00
1	7.5	abcdefg	2020-02-02 20:00:00	6	6.5	abcdefgh	2020-02-01 20:00:00
1	8.5	abcdefg	2020-02-02 20:00:00	7	7.5	abcdefgh	2020-02-01 20:00:00
1	9.5	abcdefg	2020-02-02 20:00:00	8	8.5	abcdefgh	2020-02-01 20:00:00
1	10.5	abcdefg	2020-02-02 20:00:00	9	9.5	abcdefgh	2020-02-01 20:00:00
drop table t1;
create table t1(i1 int, f1 float, s1 varchar, d1 datetime, i2 int, f2 float,s2 varchar, d2 datetime,primary key(i1,f1,s1,d1));
prepare stmt_replace_f1 from replace into t1 values(?,1.5,?,?,?,?,?,?);
set @i1=10;
set @s1='abcdefg';
set @d1=timestamp'2020-02-02 20:00:00';
set @i2=9;
set @f2=9.5;
set @s2='abcdefgh';
set @d2=timestamp'2020-02-01 20:00:00';
execute stmt_replace_f1 using @i1,@s1,@d1,@i2,@f2,@s2,@d2;
set @i1=9;
set @s1='abcdefg';
set @d1=timestamp'2020-02-02 20:00:00';
set @i2=8;
set @f2=8.5;
set @s2='abcdefgh';
set @d2=timestamp'2020-02-01 20:00:00';
execute stmt_replace_f1 using @i1,@s1,@d1,@i2,@f2,@s2,@d2;
set @i1=8;
set @s1='abcdefg';
set @d1=timestamp'2020-02-02 20:00:00';
set @i2=7;
set @f2=7.5;
set @s2='abcdefgh';
set @d2=timestamp'2020-02-01 20:00:00';
execute stmt_replace_f1 using @i1,@s1,@d1,@i2,@f2,@s2,@d2;
set @i1=7;
set @s1='abcdefg';
set @d1=timestamp'2020-02-02 20:00:00';
set @i2=6;
set @f2=6.5;
set @s2='abcdefgh';
set @d2=timestamp'2020-02-01 20:00:00';
execute stmt_replace_f1 using @i1,@s1,@d1,@i2,@f2,@s2,@d2;
set @i1=6;
set @s1='abcdefg';
set @d1=timestamp'2020-02-02 20:00:00';
set @i2=5;
set @f2=5.5;
set @s2='abcdefgh';
set @d2=timestamp'2020-02-01 20:00:00';
execute stmt_replace_f1 using @i1,@s1,@d1,@i2,@f2,@s2,@d2;
set @i1=5;
set @s1='abcdefg';
set @d1=timestamp'2020-02-02 20:00:00';
set @i2=4;
set @f2=4.5;
set @s2='abcdefgh';
set @d2=timestamp'2020-02-01 20:00:00';
execute stmt_replace_f1 using @i1,@s1,@d1,@i2,@f2,@s2,@d2;
set @i1=4;
set @s1='abcdefg';
set @d1=timestamp'2020-02-02 20:00:00';
set @i2=3;
set @f2=3.5;
set @s2='abcdefgh';
set @d2=timestamp'2020-02-01 20:00:00';
execute stmt_replace_f1 using @i1,@s1,@d1,@i2,@f2,@s2,@d2;
set @i1=3;
set @s1='abcdefg';
set @d1=timestamp'2020-02-02 20:00:00';
set @i2=2;
set @f2=2.5;
set @s2='abcdefgh';
set @d2=timestamp'2020-02-01 20:00:00';
execute stmt_replace_f1 using @i1,@s1,@d1,@i2,@f2,@s2,@d2;
set @i1=2;
set @s1='abcdefg';
set @d1=timestamp'2020-02-02 20:00:00';
set @i2=1;
set @f2=1.5;
set @s2='abcdefgh';
set @d2=timestamp'2020-02-01 20:00:00';
execute stmt_replace_f1 using @i1,@s1,@d1,@i2,@f2,@s2,@d2;
set @i1=1;
set @s1='abcdefg';
set @d1=timestamp'2020-02-02 20:00:00';
set @i2=0;
set @f2=0.5;
set @s2='abcdefgh';
set @d2=timestamp'2020-02-01 20:00:00';
execute stmt_replace_f1 using @i1,@s1,@d1,@i2,@f2,@s2,@d2;
select * from t1;
i1	f1	s1	d1	i2	f2	s2	d2
1	1.5	abcdefg	2020-02-02 20:00:00	0	0.5	abcdefgh	2020-02-01 20:00:00
2	1.5	abcdefg	2020-02-02 20:00:00	1	1.5	abcdefgh	2020-02-01 20:00:00
3	1.5	abcdefg	2020-02-02 20:00:00	2	2.5	abcdefgh	2020-02-01 20:00:00
4	1.5	abcdefg	2020-02-02 20:00:00	3	3.5	abcdefgh	2020-02-01 20:00:00
5	1.5	abcdefg	2020-02-02 20:00:00	4	4.5	abcdefgh	2020-02-01 20:00:00
6	1.5	abcdefg	2020-02-02 20:00:00	5	5.5	abcdefgh	2020-02-01 20:00:00
7	1.5	abcdefg	2020-02-02 20:00:00	6	6.5	abcdefgh	2020-02-01 20:00:00
8	1.5	abcdefg	2020-02-02 20:00:00	7	7.5	abcdefgh	2020-02-01 20:00:00
9	1.5	abcdefg	2020-02-02 20:00:00	8	8.5	abcdefgh	2020-02-01 20:00:00
10	1.5	abcdefg	2020-02-02 20:00:00	9	9.5	abcdefgh	2020-02-01 20:00:00
drop table t1;
create table t1(i1 int, f1 float, s1 varchar, d1 datetime, i2 int, f2 float,s2 varchar, d2 datetime,primary key(i1,f1,s1,d1));
prepare stmt_replace_s1 from replace into t1 values(?,?,'abcdefg',?,?,?,?,?);
set @i1=10;
set @f1=10.5;
set @s1='abcdefg';
set @d1=timestamp'2020-02-02 20:00:00';
set @i2=9;
set @f2=9.5;
set @s2='abcdefgh';
set @d2=timestamp'2020-02-01 20:00:00';
execute stmt_replace_s1 using @i1,@f1,@d1,@i2,@f2,@s2,@d2;
set @i1=9;
set @f1=9.5;
set @s1='abcdefg';
set @d1=timestamp'2020-02-02 20:00:00';
set @i2=8;
set @f2=8.5;
set @s2='abcdefgh';
set @d2=timestamp'2020-02-01 20:00:00';
execute stmt_replace_s1 using @i1,@f1,@d1,@i2,@f2,@s2,@d2;
set @i1=8;
set @f1=8.5;
set @s1='abcdefg';
set @d1=timestamp'2020-02-02 20:00:00';
set @i2=7;
set @f2=7.5;
set @s2='abcdefgh';
set @d2=timestamp'2020-02-01 20:00:00';
execute stmt_replace_s1 using @i1,@f1,@d1,@i2,@f2,@s2,@d2;
set @i1=7;
set @f1=7.5;
set @s1='abcdefg';
set @d1=timestamp'2020-02-02 20:00:00';
set @i2=6;
set @f2=6.5;
set @s2='abcdefgh';
set @d2=timestamp'2020-02-01 20:00:00';
execute stmt_replace_s1 using @i1,@f1,@d1,@i2,@f2,@s2,@d2;
set @i1=6;
set @f1=6.5;
set @s1='abcdefg';
set @d1=timestamp'2020-02-02 20:00:00';
set @i2=5;
set @f2=5.5;
set @s2='abcdefgh';
set @d2=timestamp'2020-02-01 20:00:00';
execute stmt_replace_s1 using @i1,@f1,@d1,@i2,@f2,@s2,@d2;
set @i1=5;
set @f1=5.5;
set @s1='abcdefg';
set @d1=timestamp'2020-02-02 20:00:00';
set @i2=4;
set @f2=4.5;
set @s2='abcdefgh';
set @d2=timestamp'2020-02-01 20:00:00';
execute stmt_replace_s1 using @i1,@f1,@d1,@i2,@f2,@s2,@d2;
set @i1=4;
set @f1=4.5;
set @s1='abcdefg';
set @d1=timestamp'2020-02-02 20:00:00';
set @i2=3;
set @f2=3.5;
set @s2='abcdefgh';
set @d2=timestamp'2020-02-01 20:00:00';
execute stmt_replace_s1 using @i1,@f1,@d1,@i2,@f2,@s2,@d2;
set @i1=3;
set @f1=3.5;
set @s1='abcdefg';
set @d1=timestamp'2020-02-02 20:00:00';
set @i2=2;
set @f2=2.5;
set @s2='abcdefgh';
set @d2=timestamp'2020-02-01 20:00:00';
execute stmt_replace_s1 using @i1,@f1,@d1,@i2,@f2,@s2,@d2;
set @i1=2;
set @f1=2.5;
set @s1='abcdefg';
set @d1=timestamp'2020-02-02 20:00:00';
set @i2=1;
set @f2=1.5;
set @s2='abcdefgh';
set @d2=timestamp'2020-02-01 20:00:00';
execute stmt_replace_s1 using @i1,@f1,@d1,@i2,@f2,@s2,@d2;
set @i1=1;
set @f1=1.5;
set @s1='abcdefg';
set @d1=timestamp'2020-02-02 20:00:00';
set @i2=0;
set @f2=0.5;
set @s2='abcdefgh';
set @d2=timestamp'2020-02-01 20:00:00';
execute stmt_replace_s1 using @i1,@f1,@d1,@i2,@f2,@s2,@d2;
select * from t1;
i1	f1	s1	d1	i2	f2	s2	d2
1	1.5	abcdefg	2020-02-02 20:00:00	0	0.5	abcdefgh	2020-02-01 20:00:00
2	2.5	abcdefg	2020-02-02 20:00:00	1	1.5	abcdefgh	2020-02-01 20:00:00
3	3.5	abcdefg	2020-02-02 20:00:00	2	2.5	abcdefgh	2020-02-01 20:00:00
4	4.5	abcdefg	2020-02-02 20:00:00	3	3.5	abcdefgh	2020-02-01 20:00:00
5	5.5	abcdefg	2020-02-02 20:00:00	4	4.5	abcdefgh	2020-02-01 20:00:00
6	6.5	abcdefg	2020-02-02 20:00:00	5	5.5	abcdefgh	2020-02-01 20:00:00
7	7.5	abcdefg	2020-02-02 20:00:00	6	6.5	abcdefgh	2020-02-01 20:00:00
8	8.5	abcdefg	2020-02-02 20:00:00	7	7.5	abcdefgh	2020-02-01 20:00:00
9	9.5	abcdefg	2020-02-02 20:00:00	8	8.5	abcdefgh	2020-02-01 20:00:00
10	10.5	abcdefg	2020-02-02 20:00:00	9	9.5	abcdefgh	2020-02-01 20:00:00
drop table t1;
create table t1(i1 int, f1 float, s1 varchar, d1 datetime, i2 int, f2 float,s2 varchar, d2 datetime,primary key(i1,f1,s1,d1));
prepare stmt_replace_d1 from replace into t1 values(?,?,?,'2012-01-01 00:00:00',?,?,?,?);
set @i1=10;
set @f1=10.5;
set @s1='abcdefg';
set @d1=timestamp'2020-02-02 20:00:00';
set @i2=9;
set @f2=9.5;
set @s2='abcdefgh';
set @d2=timestamp'2020-02-01 20:00:00';
execute stmt_replace_d1 using @i1,@f1,@s1,@i2,@f2,@s2,@d2;
set @i1=9;
set @f1=9.5;
set @s1='abcdefg';
set @d1=timestamp'2020-02-02 20:00:00';
set @i2=8;
set @f2=8.5;
set @s2='abcdefgh';
set @d2=timestamp'2020-02-01 20:00:00';
execute stmt_replace_d1 using @i1,@f1,@s1,@i2,@f2,@s2,@d2;
set @i1=8;
set @f1=8.5;
set @s1='abcdefg';
set @d1=timestamp'2020-02-02 20:00:00';
set @i2=7;
set @f2=7.5;
set @s2='abcdefgh';
set @d2=timestamp'2020-02-01 20:00:00';
execute stmt_replace_d1 using @i1,@f1,@s1,@i2,@f2,@s2,@d2;
set @i1=7;
set @f1=7.5;
set @s1='abcdefg';
set @d1=timestamp'2020-02-02 20:00:00';
set @i2=6;
set @f2=6.5;
set @s2='abcdefgh';
set @d2=timestamp'2020-02-01 20:00:00';
execute stmt_replace_d1 using @i1,@f1,@s1,@i2,@f2,@s2,@d2;
set @i1=6;
set @f1=6.5;
set @s1='abcdefg';
set @d1=timestamp'2020-02-02 20:00:00';
set @i2=5;
set @f2=5.5;
set @s2='abcdefgh';
set @d2=timestamp'2020-02-01 20:00:00';
execute stmt_replace_d1 using @i1,@f1,@s1,@i2,@f2,@s2,@d2;
set @i1=5;
set @f1=5.5;
set @s1='abcdefg';
set @d1=timestamp'2020-02-02 20:00:00';
set @i2=4;
set @f2=4.5;
set @s2='abcdefgh';
set @d2=timestamp'2020-02-01 20:00:00';
execute stmt_replace_d1 using @i1,@f1,@s1,@i2,@f2,@s2,@d2;
set @i1=4;
set @f1=4.5;
set @s1='abcdefg';
set @d1=timestamp'2020-02-02 20:00:00';
set @i2=3;
set @f2=3.5;
set @s2='abcdefgh';
set @d2=timestamp'2020-02-01 20:00:00';
execute stmt_replace_d1 using @i1,@f1,@s1,@i2,@f2,@s2,@d2;
set @i1=3;
set @f1=3.5;
set @s1='abcdefg';
set @d1=timestamp'2020-02-02 20:00:00';
set @i2=2;
set @f2=2.5;
set @s2='abcdefgh';
set @d2=timestamp'2020-02-01 20:00:00';
execute stmt_replace_d1 using @i1,@f1,@s1,@i2,@f2,@s2,@d2;
set @i1=2;
set @f1=2.5;
set @s1='abcdefg';
set @d1=timestamp'2020-02-02 20:00:00';
set @i2=1;
set @f2=1.5;
set @s2='abcdefgh';
set @d2=timestamp'2020-02-01 20:00:00';
execute stmt_replace_d1 using @i1,@f1,@s1,@i2,@f2,@s2,@d2;
set @i1=1;
set @f1=1.5;
set @s1='abcdefg';
set @d1=timestamp'2020-02-02 20:00:00';
set @i2=0;
set @f2=0.5;
set @s2='abcdefgh';
set @d2=timestamp'2020-02-01 20:00:00';
execute stmt_replace_d1 using @i1,@f1,@s1,@i2,@f2,@s2,@d2;
select * from t1;
i1	f1	s1	d1	i2	f2	s2	d2
1	1.5	abcdefg	2012-01-01 00:00:00	0	0.5	abcdefgh	2020-02-01 20:00:00
2	2.5	abcdefg	2012-01-01 00:00:00	1	1.5	abcdefgh	2020-02-01 20:00:00
3	3.5	abcdefg	2012-01-01 00:00:00	2	2.5	abcdefgh	2020-02-01 20:00:00
4	4.5	abcdefg	2012-01-01 00:00:00	3	3.5	abcdefgh	2020-02-01 20:00:00
5	5.5	abcdefg	2012-01-01 00:00:00	4	4.5	abcdefgh	2020-02-01 20:00:00
6	6.5	abcdefg	2012-01-01 00:00:00	5	5.5	abcdefgh	2020-02-01 20:00:00
7	7.5	abcdefg	2012-01-01 00:00:00	6	6.5	abcdefgh	2020-02-01 20:00:00
8	8.5	abcdefg	2012-01-01 00:00:00	7	7.5	abcdefgh	2020-02-01 20:00:00
9	9.5	abcdefg	2012-01-01 00:00:00	8	8.5	abcdefgh	2020-02-01 20:00:00
10	10.5	abcdefg	2012-01-01 00:00:00	9	9.5	abcdefgh	2020-02-01 20:00:00
drop table t1;
create table t1(i1 int, f1 float, s1 varchar, d1 datetime, i2 int, f2 float,s2 varchar, d2 datetime,primary key(i1,f1,s1,d1));
prepare stmt_replace_rowkey from replace into t1 values(10000,10000.5,'10000-abcdefg','2013-01-01 00:00:00',?,?,?,?);
set @i1=10;
set @f1=10.5;
set @s1='abcdefg';
set @d1=timestamp'2020-02-02 20:00:00';
set @i2=9;
set @f2=9.5;
set @s2='abcdefgh';
set @d2=timestamp'2020-02-01 20:00:00';
execute stmt_replace_rowkey using @i2,@f2,@s2,@d2;
set @i1=9;
set @f1=9.5;
set @s1='abcdefg';
set @d1=timestamp'2020-02-02 20:00:00';
set @i2=8;
set @f2=8.5;
set @s2='abcdefgh';
set @d2=timestamp'2020-02-01 20:00:00';
execute stmt_replace_rowkey using @i2,@f2,@s2,@d2;
set @i1=8;
set @f1=8.5;
set @s1='abcdefg';
set @d1=timestamp'2020-02-02 20:00:00';
set @i2=7;
set @f2=7.5;
set @s2='abcdefgh';
set @d2=timestamp'2020-02-01 20:00:00';
execute stmt_replace_rowkey using @i2,@f2,@s2,@d2;
set @i1=7;
set @f1=7.5;
set @s1='abcdefg';
set @d1=timestamp'2020-02-02 20:00:00';
set @i2=6;
set @f2=6.5;
set @s2='abcdefgh';
set @d2=timestamp'2020-02-01 20:00:00';
execute stmt_replace_rowkey using @i2,@f2,@s2,@d2;
set @i1=6;
set @f1=6.5;
set @s1='abcdefg';
set @d1=timestamp'2020-02-02 20:00:00';
set @i2=5;
set @f2=5.5;
set @s2='abcdefgh';
set @d2=timestamp'2020-02-01 20:00:00';
execute stmt_replace_rowkey using @i2,@f2,@s2,@d2;
set @i1=5;
set @f1=5.5;
set @s1='abcdefg';
set @d1=timestamp'2020-02-02 20:00:00';
set @i2=4;
set @f2=4.5;
set @s2='abcdefgh';
set @d2=timestamp'2020-02-01 20:00:00';
execute stmt_replace_rowkey using @i2,@f2,@s2,@d2;
set @i1=4;
set @f1=4.5;
set @s1='abcdefg';
set @d1=timestamp'2020-02-02 20:00:00';
set @i2=3;
set @f2=3.5;
set @s2='abcdefgh';
set @d2=timestamp'2020-02-01 20:00:00';
execute stmt_replace_rowkey using @i2,@f2,@s2,@d2;
set @i1=3;
set @f1=3.5;
set @s1='abcdefg';
set @d1=timestamp'2020-02-02 20:00:00';
set @i2=2;
set @f2=2.5;
set @s2='abcdefgh';
set @d2=timestamp'2020-02-01 20:00:00';
execute stmt_replace_rowkey using @i2,@f2,@s2,@d2;
set @i1=2;
set @f1=2.5;
set @s1='abcdefg';
set @d1=timestamp'2020-02-02 20:00:00';
set @i2=1;
set @f2=1.5;
set @s2='abcdefgh';
set @d2=timestamp'2020-02-01 20:00:00';
execute stmt_replace_rowkey using @i2,@f2,@s2,@d2;
set @i1=1;
set @f1=1.5;
set @s1='abcdefg';
set @d1=timestamp'2020-02-02 20:00:00';
set @i2=0;
set @f2=0.5;
set @s2='abcdefgh';
set @d2=timestamp'2020-02-01 20:00:00';
execute stmt_replace_rowkey using @i2,@f2,@s2,@d2;
select * from t1;
i1	f1	s1	d1	i2	f2	s2	d2
10000	10000.5	10000-abcdefg	2013-01-01 00:00:00	0	0.5	abcdefgh	2020-02-01 20:00:00
drop table t1;
