drop table if exists t1,t2;
create table t1(i1 int, f1 float, s1 varchar, d1 datetime, i2 int, f2 float,s2 varchar, d2 datetime,primary key(i1,f1,s1,d1));
prepare stmt_insert from insert into t1 values(?,?,?,?,?,?,?,?);
set @i1=10;
set @f1=10.5;
set @s1='10+abcdefg';
set @d1=timestamp'2020-02-02 20:00:00';
set @i2=9;
set @f2=9.5;
set @s2='9+abcdefg';
set @d2=timestamp'2020-02-01 20:00:00';
execute stmt_insert using @i1,@f1,@s1,@d1,@i2,@f2,@s2,@d2;
set @i1=9;
set @f1=9.5;
set @s1='9+abcdefg';
set @d1=timestamp'2020-02-02 20:00:00';
set @i2=8;
set @f2=8.5;
set @s2='8+abcdefg';
set @d2=timestamp'2020-02-01 20:00:00';
execute stmt_insert using @i1,@f1,@s1,@d1,@i2,@f2,@s2,@d2;
set @i1=8;
set @f1=8.5;
set @s1='8+abcdefg';
set @d1=timestamp'2020-02-02 20:00:00';
set @i2=7;
set @f2=7.5;
set @s2='7+abcdefg';
set @d2=timestamp'2020-02-01 20:00:00';
execute stmt_insert using @i1,@f1,@s1,@d1,@i2,@f2,@s2,@d2;
set @i1=7;
set @f1=7.5;
set @s1='7+abcdefg';
set @d1=timestamp'2020-02-02 20:00:00';
set @i2=6;
set @f2=6.5;
set @s2='6+abcdefg';
set @d2=timestamp'2020-02-01 20:00:00';
execute stmt_insert using @i1,@f1,@s1,@d1,@i2,@f2,@s2,@d2;
set @i1=6;
set @f1=6.5;
set @s1='6+abcdefg';
set @d1=timestamp'2020-02-02 20:00:00';
set @i2=5;
set @f2=5.5;
set @s2='5+abcdefg';
set @d2=timestamp'2020-02-01 20:00:00';
execute stmt_insert using @i1,@f1,@s1,@d1,@i2,@f2,@s2,@d2;
set @i1=5;
set @f1=5.5;
set @s1='5+abcdefg';
set @d1=timestamp'2020-02-02 20:00:00';
set @i2=4;
set @f2=4.5;
set @s2='4+abcdefg';
set @d2=timestamp'2020-02-01 20:00:00';
execute stmt_insert using @i1,@f1,@s1,@d1,@i2,@f2,@s2,@d2;
set @i1=4;
set @f1=4.5;
set @s1='4+abcdefg';
set @d1=timestamp'2020-02-02 20:00:00';
set @i2=3;
set @f2=3.5;
set @s2='3+abcdefg';
set @d2=timestamp'2020-02-01 20:00:00';
execute stmt_insert using @i1,@f1,@s1,@d1,@i2,@f2,@s2,@d2;
set @i1=3;
set @f1=3.5;
set @s1='3+abcdefg';
set @d1=timestamp'2020-02-02 20:00:00';
set @i2=2;
set @f2=2.5;
set @s2='2+abcdefg';
set @d2=timestamp'2020-02-01 20:00:00';
execute stmt_insert using @i1,@f1,@s1,@d1,@i2,@f2,@s2,@d2;
set @i1=2;
set @f1=2.5;
set @s1='2+abcdefg';
set @d1=timestamp'2020-02-02 20:00:00';
set @i2=1;
set @f2=1.5;
set @s2='1+abcdefg';
set @d2=timestamp'2020-02-01 20:00:00';
execute stmt_insert using @i1,@f1,@s1,@d1,@i2,@f2,@s2,@d2;
set @i1=1;
set @f1=1.5;
set @s1='1+abcdefg';
set @d1=timestamp'2020-02-02 20:00:00';
set @i2=0;
set @f2=0.5;
set @s2='0+abcdefg';
set @d2=timestamp'2020-02-01 20:00:00';
execute stmt_insert using @i1,@f1,@s1,@d1,@i2,@f2,@s2,@d2;
select * from t1;
i1	f1	s1	d1	i2	f2	s2	d2
1	1.5	1+abcdefg	2020-02-02 20:00:00	0	0.5	0+abcdefg	2020-02-01 20:00:00
2	2.5	2+abcdefg	2020-02-02 20:00:00	1	1.5	1+abcdefg	2020-02-01 20:00:00
3	3.5	3+abcdefg	2020-02-02 20:00:00	2	2.5	2+abcdefg	2020-02-01 20:00:00
4	4.5	4+abcdefg	2020-02-02 20:00:00	3	3.5	3+abcdefg	2020-02-01 20:00:00
5	5.5	5+abcdefg	2020-02-02 20:00:00	4	4.5	4+abcdefg	2020-02-01 20:00:00
6	6.5	6+abcdefg	2020-02-02 20:00:00	5	5.5	5+abcdefg	2020-02-01 20:00:00
7	7.5	7+abcdefg	2020-02-02 20:00:00	6	6.5	6+abcdefg	2020-02-01 20:00:00
8	8.5	8+abcdefg	2020-02-02 20:00:00	7	7.5	7+abcdefg	2020-02-01 20:00:00
9	9.5	9+abcdefg	2020-02-02 20:00:00	8	8.5	8+abcdefg	2020-02-01 20:00:00
10	10.5	10+abcdefg	2020-02-02 20:00:00	9	9.5	9+abcdefg	2020-02-01 20:00:00
create table t2(i1 int, f1 float, s1 varchar, d1 datetime, i2 int, f2 float,s2 varchar, d2 datetime,primary key(i1,f1,s1,d1));
prepare stmt_insert1 from  insert into t2 values(100000000,?,?,?,?,?,?,?);
set @f1=10.5;
set @s1='10-abcdefg';
set @d1=timestamp'2020-02-02 20:00:00';
set @i2=9;
set @f2=9.5;
set @s2='9-abcdefg';
set @d2=timestamp'2020-02-01 20:00:00';
execute stmt_insert1 using @f1,@s1,@d1,@i2,@f2,@s2,@d2;
set @f1=9.5;
set @s1='9-abcdefg';
set @d1=timestamp'2020-02-02 20:00:00';
set @i2=8;
set @f2=8.5;
set @s2='8-abcdefg';
set @d2=timestamp'2020-02-01 20:00:00';
execute stmt_insert1 using @f1,@s1,@d1,@i2,@f2,@s2,@d2;
set @f1=8.5;
set @s1='8-abcdefg';
set @d1=timestamp'2020-02-02 20:00:00';
set @i2=7;
set @f2=7.5;
set @s2='7-abcdefg';
set @d2=timestamp'2020-02-01 20:00:00';
execute stmt_insert1 using @f1,@s1,@d1,@i2,@f2,@s2,@d2;
set @f1=7.5;
set @s1='7-abcdefg';
set @d1=timestamp'2020-02-02 20:00:00';
set @i2=6;
set @f2=6.5;
set @s2='6-abcdefg';
set @d2=timestamp'2020-02-01 20:00:00';
execute stmt_insert1 using @f1,@s1,@d1,@i2,@f2,@s2,@d2;
set @f1=6.5;
set @s1='6-abcdefg';
set @d1=timestamp'2020-02-02 20:00:00';
set @i2=5;
set @f2=5.5;
set @s2='5-abcdefg';
set @d2=timestamp'2020-02-01 20:00:00';
execute stmt_insert1 using @f1,@s1,@d1,@i2,@f2,@s2,@d2;
set @f1=5.5;
set @s1='5-abcdefg';
set @d1=timestamp'2020-02-02 20:00:00';
set @i2=4;
set @f2=4.5;
set @s2='4-abcdefg';
set @d2=timestamp'2020-02-01 20:00:00';
execute stmt_insert1 using @f1,@s1,@d1,@i2,@f2,@s2,@d2;
set @f1=4.5;
set @s1='4-abcdefg';
set @d1=timestamp'2020-02-02 20:00:00';
set @i2=3;
set @f2=3.5;
set @s2='3-abcdefg';
set @d2=timestamp'2020-02-01 20:00:00';
execute stmt_insert1 using @f1,@s1,@d1,@i2,@f2,@s2,@d2;
set @f1=3.5;
set @s1='3-abcdefg';
set @d1=timestamp'2020-02-02 20:00:00';
set @i2=2;
set @f2=2.5;
set @s2='2-abcdefg';
set @d2=timestamp'2020-02-01 20:00:00';
execute stmt_insert1 using @f1,@s1,@d1,@i2,@f2,@s2,@d2;
set @f1=2.5;
set @s1='2-abcdefg';
set @d1=timestamp'2020-02-02 20:00:00';
set @i2=1;
set @f2=1.5;
set @s2='1-abcdefg';
set @d2=timestamp'2020-02-01 20:00:00';
execute stmt_insert1 using @f1,@s1,@d1,@i2,@f2,@s2,@d2;
set @f1=1.5;
set @s1='1-abcdefg';
set @d1=timestamp'2020-02-02 20:00:00';
set @i2=0;
set @f2=0.5;
set @s2='0-abcdefg';
set @d2=timestamp'2020-02-01 20:00:00';
execute stmt_insert1 using @f1,@s1,@d1,@i2,@f2,@s2,@d2;
select * from t2;
i1	f1	s1	d1	i2	f2	s2	d2
100000000	1.5	1-abcdefg	2020-02-02 20:00:00	0	0.5	0-abcdefg	2020-02-01 20:00:00
100000000	2.5	2-abcdefg	2020-02-02 20:00:00	1	1.5	1-abcdefg	2020-02-01 20:00:00
100000000	3.5	3-abcdefg	2020-02-02 20:00:00	2	2.5	2-abcdefg	2020-02-01 20:00:00
100000000	4.5	4-abcdefg	2020-02-02 20:00:00	3	3.5	3-abcdefg	2020-02-01 20:00:00
100000000	5.5	5-abcdefg	2020-02-02 20:00:00	4	4.5	4-abcdefg	2020-02-01 20:00:00
100000000	6.5	6-abcdefg	2020-02-02 20:00:00	5	5.5	5-abcdefg	2020-02-01 20:00:00
100000000	7.5	7-abcdefg	2020-02-02 20:00:00	6	6.5	6-abcdefg	2020-02-01 20:00:00
100000000	8.5	8-abcdefg	2020-02-02 20:00:00	7	7.5	7-abcdefg	2020-02-01 20:00:00
100000000	9.5	9-abcdefg	2020-02-02 20:00:00	8	8.5	8-abcdefg	2020-02-01 20:00:00
100000000	10.5	10-abcdefg	2020-02-02 20:00:00	9	9.5	9-abcdefg	2020-02-01 20:00:00
drop table t1;
drop table t2;
create table t1(i1 int, f1 float, s1 varchar, d1 datetime, i2 int, f2 float,s2 varchar, d2 datetime,primary key(i1,f1,s1,d1));
prepare stmt_insert from insert into t1 values(?,10000.005,?,?,?,?,?,?);
set @i1=10;
set @s1='10@abcdefg';
set @d1=timestamp'2020-02-02 20:00:00';
set @i2=9;
set @f2=9.5;
set @s2='9@abcdefg';
set @d2=timestamp'2020-02-01 20:00:00';
execute stmt_insert using @i1,@s1,@d1,@i2,@f2,@s2,@d2;
set @i1=9;
set @s1='9@abcdefg';
set @d1=timestamp'2020-02-02 20:00:00';
set @i2=8;
set @f2=8.5;
set @s2='8@abcdefg';
set @d2=timestamp'2020-02-01 20:00:00';
execute stmt_insert using @i1,@s1,@d1,@i2,@f2,@s2,@d2;
set @i1=8;
set @s1='8@abcdefg';
set @d1=timestamp'2020-02-02 20:00:00';
set @i2=7;
set @f2=7.5;
set @s2='7@abcdefg';
set @d2=timestamp'2020-02-01 20:00:00';
execute stmt_insert using @i1,@s1,@d1,@i2,@f2,@s2,@d2;
set @i1=7;
set @s1='7@abcdefg';
set @d1=timestamp'2020-02-02 20:00:00';
set @i2=6;
set @f2=6.5;
set @s2='6@abcdefg';
set @d2=timestamp'2020-02-01 20:00:00';
execute stmt_insert using @i1,@s1,@d1,@i2,@f2,@s2,@d2;
set @i1=6;
set @s1='6@abcdefg';
set @d1=timestamp'2020-02-02 20:00:00';
set @i2=5;
set @f2=5.5;
set @s2='5@abcdefg';
set @d2=timestamp'2020-02-01 20:00:00';
execute stmt_insert using @i1,@s1,@d1,@i2,@f2,@s2,@d2;
set @i1=5;
set @s1='5@abcdefg';
set @d1=timestamp'2020-02-02 20:00:00';
set @i2=4;
set @f2=4.5;
set @s2='4@abcdefg';
set @d2=timestamp'2020-02-01 20:00:00';
execute stmt_insert using @i1,@s1,@d1,@i2,@f2,@s2,@d2;
set @i1=4;
set @s1='4@abcdefg';
set @d1=timestamp'2020-02-02 20:00:00';
set @i2=3;
set @f2=3.5;
set @s2='3@abcdefg';
set @d2=timestamp'2020-02-01 20:00:00';
execute stmt_insert using @i1,@s1,@d1,@i2,@f2,@s2,@d2;
set @i1=3;
set @s1='3@abcdefg';
set @d1=timestamp'2020-02-02 20:00:00';
set @i2=2;
set @f2=2.5;
set @s2='2@abcdefg';
set @d2=timestamp'2020-02-01 20:00:00';
execute stmt_insert using @i1,@s1,@d1,@i2,@f2,@s2,@d2;
set @i1=2;
set @s1='2@abcdefg';
set @d1=timestamp'2020-02-02 20:00:00';
set @i2=1;
set @f2=1.5;
set @s2='1@abcdefg';
set @d2=timestamp'2020-02-01 20:00:00';
execute stmt_insert using @i1,@s1,@d1,@i2,@f2,@s2,@d2;
set @i1=1;
set @s1='1@abcdefg';
set @d1=timestamp'2020-02-02 20:00:00';
set @i2=0;
set @f2=0.5;
set @s2='0@abcdefg';
set @d2=timestamp'2020-02-01 20:00:00';
execute stmt_insert using @i1,@s1,@d1,@i2,@f2,@s2,@d2;
select * from t1;
i1	f1	s1	d1	i2	f2	s2	d2
1	10000	1@abcdefg	2020-02-02 20:00:00	0	0.5	0@abcdefg	2020-02-01 20:00:00
2	10000	2@abcdefg	2020-02-02 20:00:00	1	1.5	1@abcdefg	2020-02-01 20:00:00
3	10000	3@abcdefg	2020-02-02 20:00:00	2	2.5	2@abcdefg	2020-02-01 20:00:00
4	10000	4@abcdefg	2020-02-02 20:00:00	3	3.5	3@abcdefg	2020-02-01 20:00:00
5	10000	5@abcdefg	2020-02-02 20:00:00	4	4.5	4@abcdefg	2020-02-01 20:00:00
6	10000	6@abcdefg	2020-02-02 20:00:00	5	5.5	5@abcdefg	2020-02-01 20:00:00
7	10000	7@abcdefg	2020-02-02 20:00:00	6	6.5	6@abcdefg	2020-02-01 20:00:00
8	10000	8@abcdefg	2020-02-02 20:00:00	7	7.5	7@abcdefg	2020-02-01 20:00:00
9	10000	9@abcdefg	2020-02-02 20:00:00	8	8.5	8@abcdefg	2020-02-01 20:00:00
10	10000	10@abcdefg	2020-02-02 20:00:00	9	9.5	9@abcdefg	2020-02-01 20:00:00
drop table t1;
create table t1(i1 int, f1 float, s1 varchar, d1 datetime, i2 int, f2 float,s2 varchar, d2 datetime,primary key(i1,f1,s1,d1));
prepare stmt_insert from replace into t1 values(?,?,'abcdefghijklmn',?,?,?,?,?);
set @i1=10;
set @f1=10.5;
set @d1=timestamp'2020-02-02 20:00:00';
set @i2=9;
set @f2=9.5;
set @s2='9#abcdefg';
set @d2=timestamp'2020-02-01 20:00:00';
execute stmt_insert using @i1,@f1,@d1,@i2,@f2,@s2,@d2;
set @i1=9;
set @f1=9.5;
set @d1=timestamp'2020-02-02 20:00:00';
set @i2=8;
set @f2=8.5;
set @s2='8#abcdefg';
set @d2=timestamp'2020-02-01 20:00:00';
execute stmt_insert using @i1,@f1,@d1,@i2,@f2,@s2,@d2;
set @i1=8;
set @f1=8.5;
set @d1=timestamp'2020-02-02 20:00:00';
set @i2=7;
set @f2=7.5;
set @s2='7#abcdefg';
set @d2=timestamp'2020-02-01 20:00:00';
execute stmt_insert using @i1,@f1,@d1,@i2,@f2,@s2,@d2;
set @i1=7;
set @f1=7.5;
set @d1=timestamp'2020-02-02 20:00:00';
set @i2=6;
set @f2=6.5;
set @s2='6#abcdefg';
set @d2=timestamp'2020-02-01 20:00:00';
execute stmt_insert using @i1,@f1,@d1,@i2,@f2,@s2,@d2;
set @i1=6;
set @f1=6.5;
set @d1=timestamp'2020-02-02 20:00:00';
set @i2=5;
set @f2=5.5;
set @s2='5#abcdefg';
set @d2=timestamp'2020-02-01 20:00:00';
execute stmt_insert using @i1,@f1,@d1,@i2,@f2,@s2,@d2;
set @i1=5;
set @f1=5.5;
set @d1=timestamp'2020-02-02 20:00:00';
set @i2=4;
set @f2=4.5;
set @s2='4#abcdefg';
set @d2=timestamp'2020-02-01 20:00:00';
execute stmt_insert using @i1,@f1,@d1,@i2,@f2,@s2,@d2;
set @i1=4;
set @f1=4.5;
set @d1=timestamp'2020-02-02 20:00:00';
set @i2=3;
set @f2=3.5;
set @s2='3#abcdefg';
set @d2=timestamp'2020-02-01 20:00:00';
execute stmt_insert using @i1,@f1,@d1,@i2,@f2,@s2,@d2;
set @i1=3;
set @f1=3.5;
set @d1=timestamp'2020-02-02 20:00:00';
set @i2=2;
set @f2=2.5;
set @s2='2#abcdefg';
set @d2=timestamp'2020-02-01 20:00:00';
execute stmt_insert using @i1,@f1,@d1,@i2,@f2,@s2,@d2;
set @i1=2;
set @f1=2.5;
set @d1=timestamp'2020-02-02 20:00:00';
set @i2=1;
set @f2=1.5;
set @s2='1#abcdefg';
set @d2=timestamp'2020-02-01 20:00:00';
execute stmt_insert using @i1,@f1,@d1,@i2,@f2,@s2,@d2;
set @i1=1;
set @f1=1.5;
set @d1=timestamp'2020-02-02 20:00:00';
set @i2=0;
set @f2=0.5;
set @s2='0#abcdefg';
set @d2=timestamp'2020-02-01 20:00:00';
execute stmt_insert using @i1,@f1,@d1,@i2,@f2,@s2,@d2;
select * from t1;
i1	f1	s1	d1	i2	f2	s2	d2
1	1.5	abcdefghijklmn	2020-02-02 20:00:00	0	0.5	0#abcdefg	2020-02-01 20:00:00
2	2.5	abcdefghijklmn	2020-02-02 20:00:00	1	1.5	1#abcdefg	2020-02-01 20:00:00
3	3.5	abcdefghijklmn	2020-02-02 20:00:00	2	2.5	2#abcdefg	2020-02-01 20:00:00
4	4.5	abcdefghijklmn	2020-02-02 20:00:00	3	3.5	3#abcdefg	2020-02-01 20:00:00
5	5.5	abcdefghijklmn	2020-02-02 20:00:00	4	4.5	4#abcdefg	2020-02-01 20:00:00
6	6.5	abcdefghijklmn	2020-02-02 20:00:00	5	5.5	5#abcdefg	2020-02-01 20:00:00
7	7.5	abcdefghijklmn	2020-02-02 20:00:00	6	6.5	6#abcdefg	2020-02-01 20:00:00
8	8.5	abcdefghijklmn	2020-02-02 20:00:00	7	7.5	7#abcdefg	2020-02-01 20:00:00
9	9.5	abcdefghijklmn	2020-02-02 20:00:00	8	8.5	8#abcdefg	2020-02-01 20:00:00
10	10.5	abcdefghijklmn	2020-02-02 20:00:00	9	9.5	9#abcdefg	2020-02-01 20:00:00
drop table t1;
create table t1(i1 int, f1 float, s1 varchar, d1 datetime, i2 int, f2 float,s2 varchar, d2 datetime,primary key(i1,f1,s1,d1));
prepare stmt_insert from insert into t1 values(?,?,?,'2012-12-12 10:20:01',?,?,?,?);
set @i1=10;
set @f1=10.5;
set @s1='10,abcdefg';
set @i2=9;
set @f2=9.5;
set @s2='9,abcdefg';
set @d2=timestamp'2020-02-01 20:00:00';
execute stmt_insert using @i1,@f1,@s1,@i2,@f2,@s2,@d2;
set @i1=9;
set @f1=9.5;
set @s1='9,abcdefg';
set @i2=8;
set @f2=8.5;
set @s2='8,abcdefg';
set @d2=timestamp'2020-02-01 20:00:00';
execute stmt_insert using @i1,@f1,@s1,@i2,@f2,@s2,@d2;
set @i1=8;
set @f1=8.5;
set @s1='8,abcdefg';
set @i2=7;
set @f2=7.5;
set @s2='7,abcdefg';
set @d2=timestamp'2020-02-01 20:00:00';
execute stmt_insert using @i1,@f1,@s1,@i2,@f2,@s2,@d2;
set @i1=7;
set @f1=7.5;
set @s1='7,abcdefg';
set @i2=6;
set @f2=6.5;
set @s2='6,abcdefg';
set @d2=timestamp'2020-02-01 20:00:00';
execute stmt_insert using @i1,@f1,@s1,@i2,@f2,@s2,@d2;
set @i1=6;
set @f1=6.5;
set @s1='6,abcdefg';
set @i2=5;
set @f2=5.5;
set @s2='5,abcdefg';
set @d2=timestamp'2020-02-01 20:00:00';
execute stmt_insert using @i1,@f1,@s1,@i2,@f2,@s2,@d2;
set @i1=5;
set @f1=5.5;
set @s1='5,abcdefg';
set @i2=4;
set @f2=4.5;
set @s2='4,abcdefg';
set @d2=timestamp'2020-02-01 20:00:00';
execute stmt_insert using @i1,@f1,@s1,@i2,@f2,@s2,@d2;
set @i1=4;
set @f1=4.5;
set @s1='4,abcdefg';
set @i2=3;
set @f2=3.5;
set @s2='3,abcdefg';
set @d2=timestamp'2020-02-01 20:00:00';
execute stmt_insert using @i1,@f1,@s1,@i2,@f2,@s2,@d2;
set @i1=3;
set @f1=3.5;
set @s1='3,abcdefg';
set @i2=2;
set @f2=2.5;
set @s2='2,abcdefg';
set @d2=timestamp'2020-02-01 20:00:00';
execute stmt_insert using @i1,@f1,@s1,@i2,@f2,@s2,@d2;
set @i1=2;
set @f1=2.5;
set @s1='2,abcdefg';
set @i2=1;
set @f2=1.5;
set @s2='1,abcdefg';
set @d2=timestamp'2020-02-01 20:00:00';
execute stmt_insert using @i1,@f1,@s1,@i2,@f2,@s2,@d2;
set @i1=1;
set @f1=1.5;
set @s1='1,abcdefg';
set @i2=0;
set @f2=0.5;
set @s2='0,abcdefg';
set @d2=timestamp'2020-02-01 20:00:00';
execute stmt_insert using @i1,@f1,@s1,@i2,@f2,@s2,@d2;
select * from t1;
i1	f1	s1	d1	i2	f2	s2	d2
1	1.5	1,abcdefg	2012-12-12 10:20:01	0	0.5	0,abcdefg	2020-02-01 20:00:00
2	2.5	2,abcdefg	2012-12-12 10:20:01	1	1.5	1,abcdefg	2020-02-01 20:00:00
3	3.5	3,abcdefg	2012-12-12 10:20:01	2	2.5	2,abcdefg	2020-02-01 20:00:00
4	4.5	4,abcdefg	2012-12-12 10:20:01	3	3.5	3,abcdefg	2020-02-01 20:00:00
5	5.5	5,abcdefg	2012-12-12 10:20:01	4	4.5	4,abcdefg	2020-02-01 20:00:00
6	6.5	6,abcdefg	2012-12-12 10:20:01	5	5.5	5,abcdefg	2020-02-01 20:00:00
7	7.5	7,abcdefg	2012-12-12 10:20:01	6	6.5	6,abcdefg	2020-02-01 20:00:00
8	8.5	8,abcdefg	2012-12-12 10:20:01	7	7.5	7,abcdefg	2020-02-01 20:00:00
9	9.5	9,abcdefg	2012-12-12 10:20:01	8	8.5	8,abcdefg	2020-02-01 20:00:00
10	10.5	10,abcdefg	2012-12-12 10:20:01	9	9.5	9,abcdefg	2020-02-01 20:00:00
drop table t1;
create table t1(i1 int, f1 float, s1 varchar, d1 datetime, i2 int, f2 float,s2 varchar, d2 datetime,primary key(i1,f1,s1,d1));
prepare stmt_replace from replace into t1 values(12341234,1234.1234,'1234.1234','2012-03-04 12:03:04',?,?,?,?);
set @i2=9;
set @f2=9.5;
set @s2='9.abcdefg';
set @d2=timestamp'2020-02-01 20:00:00';
execute stmt_replace using @i2,@f2,@s2,@d2;
set @i2=8;
set @f2=8.5;
set @s2='8.abcdefg';
set @d2=timestamp'2020-02-01 20:00:00';
execute stmt_replace using @i2,@f2,@s2,@d2;
set @i2=7;
set @f2=7.5;
set @s2='7.abcdefg';
set @d2=timestamp'2020-02-01 20:00:00';
execute stmt_replace using @i2,@f2,@s2,@d2;
set @i2=6;
set @f2=6.5;
set @s2='6.abcdefg';
set @d2=timestamp'2020-02-01 20:00:00';
execute stmt_replace using @i2,@f2,@s2,@d2;
set @i2=5;
set @f2=5.5;
set @s2='5.abcdefg';
set @d2=timestamp'2020-02-01 20:00:00';
execute stmt_replace using @i2,@f2,@s2,@d2;
set @i2=4;
set @f2=4.5;
set @s2='4.abcdefg';
set @d2=timestamp'2020-02-01 20:00:00';
execute stmt_replace using @i2,@f2,@s2,@d2;
set @i2=3;
set @f2=3.5;
set @s2='3.abcdefg';
set @d2=timestamp'2020-02-01 20:00:00';
execute stmt_replace using @i2,@f2,@s2,@d2;
set @i2=2;
set @f2=2.5;
set @s2='2.abcdefg';
set @d2=timestamp'2020-02-01 20:00:00';
execute stmt_replace using @i2,@f2,@s2,@d2;
set @i2=1;
set @f2=1.5;
set @s2='1.abcdefg';
set @d2=timestamp'2020-02-01 20:00:00';
execute stmt_replace using @i2,@f2,@s2,@d2;
set @i2=0;
set @f2=0.5;
set @s2='0.abcdefg';
set @d2=timestamp'2020-02-01 20:00:00';
execute stmt_replace using @i2,@f2,@s2,@d2;
select * from t1;
i1	f1	s1	d1	i2	f2	s2	d2
12341234	1234.12	1234.1234	2012-03-04 12:03:04	0	0.5	0.abcdefg	2020-02-01 20:00:00
drop table t1;
create table t1(i1 int, f1 float, s1 varchar, d1 datetime, i2 int, primary key(i1,f1,s1,d1));
prepare stmt_insert from insert into t1 values(?,?,?,?,0),(?,?,?,?,0);
set @i1=10;
set @f1=10.5;
set @s1='10[abcdefg]';
set @d1=timestamp'2020-02-02 20:00:00';
set @i2=9;
set @f2=9.5;
set @s2='9[abcdefg]';
set @d2=timestamp'2020-02-01 20:00:00';
execute stmt_insert using @i1,@f1,@s1,@d1,@i2,@f2,@s2,@d2;
set @i1=9;
set @f1=9.5;
set @s1='9[abcdefg]';
set @d1=timestamp'2020-02-02 20:00:00';
set @i2=8;
set @f2=8.5;
set @s2='8[abcdefg]';
set @d2=timestamp'2020-02-01 20:00:00';
execute stmt_insert using @i1,@f1,@s1,@d1,@i2,@f2,@s2,@d2;
set @i1=8;
set @f1=8.5;
set @s1='8[abcdefg]';
set @d1=timestamp'2020-02-02 20:00:00';
set @i2=7;
set @f2=7.5;
set @s2='7[abcdefg]';
set @d2=timestamp'2020-02-01 20:00:00';
execute stmt_insert using @i1,@f1,@s1,@d1,@i2,@f2,@s2,@d2;
set @i1=7;
set @f1=7.5;
set @s1='7[abcdefg]';
set @d1=timestamp'2020-02-02 20:00:00';
set @i2=6;
set @f2=6.5;
set @s2='6[abcdefg]';
set @d2=timestamp'2020-02-01 20:00:00';
execute stmt_insert using @i1,@f1,@s1,@d1,@i2,@f2,@s2,@d2;
set @i1=6;
set @f1=6.5;
set @s1='6[abcdefg]';
set @d1=timestamp'2020-02-02 20:00:00';
set @i2=5;
set @f2=5.5;
set @s2='5[abcdefg]';
set @d2=timestamp'2020-02-01 20:00:00';
execute stmt_insert using @i1,@f1,@s1,@d1,@i2,@f2,@s2,@d2;
set @i1=5;
set @f1=5.5;
set @s1='5[abcdefg]';
set @d1=timestamp'2020-02-02 20:00:00';
set @i2=4;
set @f2=4.5;
set @s2='4[abcdefg]';
set @d2=timestamp'2020-02-01 20:00:00';
execute stmt_insert using @i1,@f1,@s1,@d1,@i2,@f2,@s2,@d2;
set @i1=4;
set @f1=4.5;
set @s1='4[abcdefg]';
set @d1=timestamp'2020-02-02 20:00:00';
set @i2=3;
set @f2=3.5;
set @s2='3[abcdefg]';
set @d2=timestamp'2020-02-01 20:00:00';
execute stmt_insert using @i1,@f1,@s1,@d1,@i2,@f2,@s2,@d2;
set @i1=3;
set @f1=3.5;
set @s1='3[abcdefg]';
set @d1=timestamp'2020-02-02 20:00:00';
set @i2=2;
set @f2=2.5;
set @s2='2[abcdefg]';
set @d2=timestamp'2020-02-01 20:00:00';
execute stmt_insert using @i1,@f1,@s1,@d1,@i2,@f2,@s2,@d2;
set @i1=2;
set @f1=2.5;
set @s1='2[abcdefg]';
set @d1=timestamp'2020-02-02 20:00:00';
set @i2=1;
set @f2=1.5;
set @s2='1[abcdefg]';
set @d2=timestamp'2020-02-01 20:00:00';
execute stmt_insert using @i1,@f1,@s1,@d1,@i2,@f2,@s2,@d2;
set @i1=1;
set @f1=1.5;
set @s1='1[abcdefg]';
set @d1=timestamp'2020-02-02 20:00:00';
set @i2=0;
set @f2=0.5;
set @s2='0[abcdefg]';
set @d2=timestamp'2020-02-01 20:00:00';
execute stmt_insert using @i1,@f1,@s1,@d1,@i2,@f2,@s2,@d2;
select * from t1;
i1	f1	s1	d1	i2
0	0.5	0[abcdefg]	2020-02-01 20:00:00	0
1	1.5	1[abcdefg]	2020-02-01 20:00:00	0
1	1.5	1[abcdefg]	2020-02-02 20:00:00	0
2	2.5	2[abcdefg]	2020-02-01 20:00:00	0
2	2.5	2[abcdefg]	2020-02-02 20:00:00	0
3	3.5	3[abcdefg]	2020-02-01 20:00:00	0
3	3.5	3[abcdefg]	2020-02-02 20:00:00	0
4	4.5	4[abcdefg]	2020-02-01 20:00:00	0
4	4.5	4[abcdefg]	2020-02-02 20:00:00	0
5	5.5	5[abcdefg]	2020-02-01 20:00:00	0
5	5.5	5[abcdefg]	2020-02-02 20:00:00	0
6	6.5	6[abcdefg]	2020-02-01 20:00:00	0
6	6.5	6[abcdefg]	2020-02-02 20:00:00	0
7	7.5	7[abcdefg]	2020-02-01 20:00:00	0
7	7.5	7[abcdefg]	2020-02-02 20:00:00	0
8	8.5	8[abcdefg]	2020-02-01 20:00:00	0
8	8.5	8[abcdefg]	2020-02-02 20:00:00	0
9	9.5	9[abcdefg]	2020-02-01 20:00:00	0
9	9.5	9[abcdefg]	2020-02-02 20:00:00	0
10	10.5	10[abcdefg]	2020-02-02 20:00:00	0
drop table t1;
