drop table if exists t1, t2;
create table t1( a int primary key,b varchar(255),c int);
prepare stmt1 from insert into t1 values (?,'d',3),(?,'f',6);
set @x=1;
set @y=2;
execute stmt1 using @x,@y;
alter table t1 add d int;
set autocommit=0;
set @x=3;
set @y=4;
execute stmt1 using @x,@y;
ERROR HY000: Column count doesn't match value count
commit;
set autocommit=1;
select * from t1;
a	b	c	d
1	d	3	NULL
2	f	6	NULL
deallocate prepare stmt1;
drop table t1;
create table t1( a int primary key,b varchar(255),c int);
insert into t1 values(1,'a',2),(2,'b',3);
prepare stmt2 from insert into t1 values (?,'d',3),(?,'f',2);
set @x=3;
set @y=4;
execute stmt2 using @x,@y;
alter table t1 drop q;
ERROR 42S22: Column 'q' doesn't exist
set autocommit=0;
set @x=5;
set @y=6;
execute stmt2 using @x,@y;
commit;
set autocommit=1;
select * from t1;
a	b	c
1	a	2
2	b	3
3	d	3
4	f	2
5	d	3
6	f	2
deallocate prepare stmt2;
prepare stmt3 from insert into t1 values (?,'d',3),(?,'f',2);
set @x=7;
set @y=8;
execute stmt3 using @x,@y;
alter table t1 drop c;
set autocommit=0;
set @x=9;
set @y=10;
execute stmt3 using @x,@y;
ERROR HY000: Column count doesn't match value count
rollback;
set autocommit=1;
select * from t1;
a	b
1	a
2	b
3	d
4	f
5	d
6	f
7	d
8	f
deallocate prepare stmt3;
drop table t1;
create table t1( a int primary key,b varchar(255),c int);
insert into t1 values(1,'a',2),(2,'b',3),(3,'c',4);
prepare stmt4 from insert into t1 values (?,'d',2),(?,'a',2);
set @x=11;
set @y=12;
execute stmt4 using @x,@y;
alter table t1 add d int;
alter table t1 drop d;
set autocommit=0;
set @x=13;
set @y=14;
execute stmt4 using @x,@y;
commit;
set autocommit=1;
select * from t1;
a	b	c
1	a	2
2	b	3
3	c	4
11	d	2
12	a	2
13  d   2
14  a   2
deallocate prepare stmt4;
drop table t1;
create table t1( a int primary key,b varchar(255),c int);
insert into t1 values(1,'a',2),(2,'b',3),(3,'c',4);
prepare stmt5 from insert into t1 values (?,'d',2),(?,'f',2);
set @x=5;
set @y=4;
execute stmt5 using @x,@y;
alter table t1 drop b;
alter table t1 add b varchar(255);
set autocommit=0;
set @x=6;
set @y=7;
execute stmt5 using @x,@y;
commit;
set autocommit=1;
select * from t1;
a	c	b
1	2	NULL
2	3	NULL
3	4	NULL
4	2	NULL
5	2	NULL
6	0	2
7	0	2
deallocate prepare stmt5;
prepare stmt6 from insert into t1 values (?,'d',2),(?,'f',2);
set @x=8;
set @y=9;
execute stmt6 using @x,@y;
alter table t1 drop b;
alter table t1 add b int;
set autocommit=0;
set @x=10;
set @y=11;
execute stmt6 using @x,@y;
commit;
set autocommit=1;
select * from t1;
a	c	b
1	2	NULL
2	3	NULL
3	4	NULL
4	2	NULL
5	2	NULL
6	0	NULL
7	0	NULL
8	0	NULL
9	0	NULL
10	0	2
11	0	2
deallocate prepare stmt6;
drop table t1;
create table t1( a int primary key,b varchar(255),c int);
insert into t1 values(1,'a',2),(2,'b',3),(3,'c',4);
prepare stmt7 from insert into t1 values (?,2,1);
set @x=4;
set autocommit=0;
execute stmt7 using @x;
commit;
set autocommit=1;
select * from t1;
a	b	c
1	a	2
2	b	3
3	c	4
4	2	1
deallocate prepare stmt7;
drop table t1;
create table t1( a int primary key,b varchar(255),c int);
prepare stmt8 from insert into t1 values (?,2,2);
set @x=4;
execute stmt8 using @x;
drop table t1;
create table t1( a int primary key,b varchar(255),c int);
insert into t1 values(1,'a',2),(2,'b',3),(3,'c',4);
set autocommit=0;
set @x=6;
execute stmt8 using @x;
commit;
set autocommit=1;
select * from t1;
a	b	c
1	a	2
2	b	3
3	c	4
6	2	2
deallocate prepare stmt8;
prepare stmt9 from insert into t1 values (?,2,1),(?,5,1);
set @x=8;
set @y=9;
execute stmt9 using @x,@y;
drop table t1;
create table t1( a int primary key,b varchar(255));
set autocommit=0;
set @x=10;
set @y=11;
execute stmt9 using @x,@y;
ERROR HY000: Column count doesn't match value count
commit;
set autocommit=1;
select * from t1;
a	b
deallocate prepare stmt9;
drop table t1;
create table t1( a int primary key,b varchar(255),c int);
prepare stmt10 from insert into t1(a,b,c) values (?,'d',2),(?,'f',6);
set @x=1;
set @y=2;
execute stmt10 using @x,@y;
alter table t1 add d int;
set autocommit=0;
set @x=3;
set @y=4;
execute stmt10 using @x,@y;
commit;
set autocommit=1;
select * from t1;
a	b	c	d
1	d	2	NULL
2	f	6	NULL
3	d	2	NULL
4	f	6	NULL
deallocate prepare stmt10;
drop table t1;
create table t1( a int primary key,b varchar(255),c int,d int);
insert into t1 values(1,'a',2,2);
prepare stmt11 from insert into t1(a,b,c) values (?,'d',2);
set @x=2;
execute stmt11 using @x;
alter table t1 drop d;
set autocommit=0;
set @x=3;
execute stmt11 using @x;
commit;
set autocommit=1;
select * from t1;
a	b	c
1	a	2
2	d	2
3	d	2
deallocate prepare stmt11;
drop table t1;
create table t1( a int primary key,b varchar(255),c int);
insert into t1 values(1,'a',2),(2,'b',3),(3,'c',4);
alter table t1 add d int;
prepare stmt12 from insert into t1(a,b,c) values (?,'d',4);
set @x=4;
execute stmt12 using @x;
alter table t1 drop c;
set autocommit=0;
set @x=4;
execute stmt12 using @x;
ERROR 42S22: Unknown column name c
commit;
set autocommit=1;
select * from t1;
a	b	d
1	a	NULL
2	b	NULL
3	c	NULL
4	d	NULL
deallocate prepare stmt12;
drop table t1;
create table t1( a int primary key,b varchar(255),c int);
insert into t1 values(1,'a',2),(2,'b',3),(3,'c',4);
prepare stmt13 from insert into t1(a,b) values (?,'d');
set @x=4;
execute stmt13 using @x;
alter table t1 drop c;
set autocommit=0;
set @x=5;
execute stmt13 using @x;
commit;
set autocommit=1;
select * from t1;
a	b
1	a
2	b
3	c
4	d
5	d
deallocate prepare stmt13;
drop table t1;
create table t1( a int primary key,b varchar(255),c int);
prepare stmt14 from insert into t1(a,b,c) values (?,'d',1);
set @x=1;
execute stmt14 using @x;
alter table t1 drop c;
alter table t1 add c int;
set autocommit=0;
set @x=2;
execute stmt14 using @x;
commit;
set autocommit=1;
select * from t1;
a	b	c
1	d	NULL
2	d	1
deallocate prepare stmt14;
drop table t1;
create table t1( a int primary key,b varchar(255),c int);
insert into t1 values(1,'a',2),(2,'b',3),(3,'c',4);
prepare stmt15 from insert into t1(a,b,c) values (?,'d',1);
set @x=5;
execute stmt15 using @x;
alter table t1 drop b;
alter table t1 add b int;
set autocommit=0;
set @x=6;
execute stmt15 using @x;
commit;
set autocommit=1;
select * from t1;
a	c	b
1	2	NULL
2	3	NULL
3	4	NULL
5	1	NULL
6	1	0
deallocate prepare stmt15;
drop table t1;
create table t1( a int primary key,b varchar(255),c int);
insert into t1 values(1,'a',2),(2,'b',3),(3,'c',4);
prepare stmt16 from insert into t1(a,b,c) values (?,'d',1);
set @x=4;
execute stmt16 using @x;
alter table t1 add d int;
alter table t1 drop d;
set autocommit=0;
set @x=5;
execute stmt16 using @x;
commit;
set autocommit=1;
select * from t1;
a	b	c
1	a	2
2	b	3
3	c	4
4	d	1
5	d	1
deallocate prepare stmt16;
