drop table if exists t1, t2;
create table t1( a int primary key,b varchar(255),c int);
insert into t1 values(1,'a',2),(2,'b',3),(3,'c',4);
prepare stmt1 from update t1 set b='ok' where a=?;
set @a=1;
execute stmt1 using @a;
alter table t1 add d int;
set autocommit=0;
execute stmt1 using @a;
commit;
set autocommit=1;
select * from t1;
a	b	c	d
1	ok	2	NULL
2	b	3	NULL
3	c	4	NULL
deallocate prepare stmt1;
prepare stmt2 from update t1 set b='ok' where a=?;
set @a=1;
execute stmt2 using @a;
alter table t1 drop d ;
set autocommit=0;
execute stmt2 using @a;
commit;
set autocommit=1;
select * from t1;
a	b	c
1	ok	2
2	b	3
3	c	4
deallocate prepare stmt2;
prepare stmt3 from update t1 set b='ok' where a=?;
set @a=1;
execute stmt3 using @a;
alter table t1 drop b ;
set autocommit=0;
execute stmt3 using @a;
ERROR 42S22: Unknown column name b
commit;
set autocommit=1;
select * from t1;
a	c
1	2
2	3
3	4
deallocate prepare stmt3;
drop table t1;
create table t1( a int primary key,b varchar(255),c int);
insert into t1 values(1,'a',2),(2,'b',3),(3,'c',4);
prepare stmt4 from update t1 set b='ok' where a=?;
set @a=1;
execute stmt4 using @a;
alter table t1 add d int;
alter table t1 drop d ;
set autocommit=0;
execute stmt4 using @a;
commit;
set autocommit=1;
select * from t1;
a	b	c
1	ok	2
2	b	3
3	c	4
set autocommit=1;
select * from t1;
a	b	c
1	ok	2
2	b	3
3	c	4
deallocate prepare stmt4;
prepare stmt5 from update t1 set b='ok' where a=?;
set @a=1;
execute stmt5 using @a;
alter table t1 drop c ;
alter table t1 add c int;
set autocommit=0;
execute stmt5 using @a;
commit;
set autocommit=1;
select * from t1;
a	b	c
1	ok	NULL
2	b	NULL
3	c	NULL
set autocommit=1;
select * from t1;
a	b	c
1	ok	NULL
2	b	NULL
3	c	NULL
deallocate prepare stmt5;
prepare stmt6 from update t1 set b='ok' where a=?;
set @a=1;
execute stmt6 using @a;
alter table t1 drop b ;
alter table t1 add b varchar(255);
set autocommit=0;
execute stmt6 using @a;
commit;
set autocommit=1;
select * from t1;
a	c	b
1	NULL	ok
2	NULL	NULL
3	NULL	NULL
deallocate prepare stmt6;
prepare stmt7 from update t1 set b='ok' where a=?;
set @a=1;
execute stmt7 using @a;
alter table t1 drop b ;
alter table t1 add b int;
set autocommit=0;
execute stmt7 using @a;
commit;
set autocommit=1;
select * from t1;
a	c	b
1	NULL	0
2	NULL	NULL
3	NULL	NULL
deallocate prepare stmt7;
prepare stmt8 from update t1 set b=21 where a=?;
set @a=1;
execute stmt8 using @a;
alter table t1 drop a ;
ERROR HY000: Primary key column can not be dropped, column name = 'a'
alter table t1 add a int;
ERROR 42S21: Column 'a' already exists
set autocommit=0;
execute stmt8 using @a;
commit;
set autocommit=1;
select * from t1;
a	c	b
1	NULL	21
2	NULL	NULL
3	NULL	NULL
deallocate prepare stmt8;
prepare stmt9 from update t1 set b='ok' where a=?;
set @a=1;
execute stmt9 using @a;
alter table t1 drop a ;
ERROR HY000: Primary key column can not be dropped, column name = 'a'
alter table t1 add a varchar(255);
ERROR 42S21: Column 'a' already exists
set autocommit=0;
execute stmt9 using @a;
commit;
set autocommit=1;
select * from t1;
a	c	b
1	NULL	0
2	NULL	NULL
3	NULL	NULL
deallocate prepare stmt9;
prepare stmt10 from update t1 set b='ok' where a=?;
set @a=1;
execute stmt10 using @a;
drop table t1;
set autocommit=0;
execute stmt10 using @a;
ERROR 42S02: table 't1' does not exist
commit;
set autocommit=1;
deallocate prepare stmt10;
create table t1( a int primary key,b varchar(255),c int);
insert into t1 values(1,'a',2),(2,'b',3),(3,'c',4);
prepare stmt11 from update t1 set b='ok' where a=?;
set @a=1;
execute stmt11 using @a;
drop table t1;
create table t1( a int primary key,b varchar(255),c int);
set autocommit=0;
execute stmt11 using @a;
commit;
set autocommit=1;
select * from t1;
a	b	c
deallocate prepare stmt11;
drop table t1;
create table t1( a int primary key,b varchar(255),c int);
insert into t1 values(1,'a',2),(2,'b',3),(3,'c',4);
prepare stmt12 from update t1 set b='ok',c=2 where a=?;
set @a=1;
execute stmt12 using @a;
drop table t1;
create table t1( a int primary key,b varchar(255));
set autocommit=0;
execute stmt12 using @a;
ERROR 42S22: Unknown column name c
commit;
set autocommit=1;
select * from t1;
a	b
deallocate prepare stmt12;
drop table t1;
create table t1( a int primary key,b varchar(255),c int);
insert into t1 values(1,'a',2),(2,'b',3),(3,'c',4);
prepare stmt13 from update t1 set b='ok' where a=?;
set @a=1;
execute stmt13 using @a;
drop table t1;
create table t2( a int primary key,b varchar(255));
set autocommit=0;
execute stmt13 using @a;
ERROR 42S02: table 't1' does not exist
commit;
set autocommit=1;
deallocate prepare stmt13;
create table t1( a int primary key,b varchar(255),c int);
insert into t1 values(1,'a',2),(2,'b',3),(3,'c',4);
prepare stmt14 from update t1 set d=1 where a=?;
set @a=1;
execute stmt14 using @a;
ERROR 42S22: Unknown column name d
alter table  t1 add d int;
set autocommit=0;
execute stmt14 using @a;
commit;
set autocommit=1;
select * from t1;
a	b	c	d
1	a	2	1
2	b	3	NULL
3	c	4	NULL
deallocate prepare stmt14;
