drop table if exists c;
create table c (c1 int primary key, c2 varchar(8));
alter system set merge_delay_interval='5s' server_type=chunkserver;
alter system set min_major_freeze_interval='5s' server_type=updateserver;
set autocommit= 0 ;
insert into c values(1,1);
select * from c where c1 = 1;
c1	c2
1	1
select * from c ;
c1	c2
1	1
"merge"
[major_freeze] err=0
select * from c where c1 = 1;
c1	c2
select * from c ;
c1	c2
commit;
ERROR 25S03: transaction is rolled back
select * from c where c1 = 1;
c1	c2
select * from c ;
c1	c2
