drop table if exists c;
create table c (c1 int primary key, c2 varchar(8));
begin;
insert into c values(1,1);
update c set c1 = 2 where c1 = 1;
select * from c where c1 = 1 for update;
c1	c2
select * from c where c1 = 2 for update;
c1	c2
2	1
commit;
