drop table if exists t1;
create table t1 (c1 int, c2 int, c3 int, primary key(c1, c2));
replace into t1 values (null, 1, null);
insert into t1 values (null, null, null);
select * from t1;
c1	c2	c3
NULL	1	NULL
NULL	NULL	NULL
select * from t1 where (c1, c2) in ((null, null), (null, 1));
c1	c2	c3
