drop table if exists t1,t2,t3;
create table t1(a varchar(50) primary key, b int default 0);
select * from t1;
a	b
select * from t1 where a > -1;
a	b
select * from t1 where a = -1;
a	b
select * from t1 where a < -1;
a	b
select * from t1 where a > 0;
a	b
select * from t1 where a = 0;
a	b
select * from t1 where a < 0;
a	b
select * from t1 where a > 1;
a	b
select * from t1 where a = 1;
a	b
select * from t1 where a < 1;
a	b
select * from t1;
a	b
-1	NULL
-2	NULL
-3	NULL
-4	NULL
-5	NULL
-6	NULL
-7	NULL
-8	NULL
-9	NULL
0	NULL
1	NULL
10	NULL
2	NULL
3	NULL
4	NULL
5	NULL
6	NULL
7	NULL
8	NULL
9	NULL
select * from t1 where a > -1;
a	b
0	NULL
1	NULL
10	NULL
2	NULL
3	NULL
4	NULL
5	NULL
6	NULL
7	NULL
8	NULL
9	NULL
select * from t1 where a = -1;
a	b
-1	NULL
select * from t1 where a < -1;
a	b
select * from t1 where a > 0;
a	b
1	NULL
10	NULL
2	NULL
3	NULL
4	NULL
5	NULL
6	NULL
7	NULL
8	NULL
9	NULL
select * from t1 where a = 0;
a	b
0	NULL
select * from t1 where a < 0;
a	b
-1	NULL
-2	NULL
-3	NULL
-4	NULL
-5	NULL
-6	NULL
-7	NULL
-8	NULL
-9	NULL
select * from t1 where a > 1;
a	b
10	NULL
2	NULL
3	NULL
4	NULL
5	NULL
6	NULL
7	NULL
8	NULL
9	NULL
select * from t1 where a = 1;
a	b
1	NULL
select * from t1 where a < 1;
a	b
-1	NULL
-2	NULL
-3	NULL
-4	NULL
-5	NULL
-6	NULL
-7	NULL
-8	NULL
-9	NULL
0	NULL
drop table t1;
create table t1(a varchar(50) primary key, b int, c int);
select * from t1;
a	b	c
select * from t1 where a > -1;
a	b	c
select * from t1 where a = -1;
a	b	c
select * from t1 where a < -1;
a	b	c
select * from t1 where a > 0;
a	b	c
select * from t1 where a = 0;
a	b	c
select * from t1 where a < 0;
a	b	c
select * from t1 where a > 1;
a	b	c
select * from t1 where a = 1;
a	b	c
select * from t1 where a < 1;
a	b	c
select * from t1;
a	b	c
-1	-1	-1
-2	-2	-2
-3	-3	-3
-4	-4	-4
-5	-5	-5
-6	-6	-6
-7	-7	-7
-8	-8	-8
-9	-9	-9
0	0	0
1	1	1
10	10	10
2	2	2
3	3	3
4	4	4
5	5	5
6	6	6
7	7	7
8	8	8
9	9	9
select * from t1 where a > -1;
a	b	c
0	0	0
1	1	1
10	10	10
2	2	2
3	3	3
4	4	4
5	5	5
6	6	6
7	7	7
8	8	8
9	9	9
select * from t1 where a = -1;
a	b	c
-1	-1	-1
select * from t1 where a < -1;
a	b	c
select * from t1 where a > 0;
a	b	c
1	1	1
10	10	10
2	2	2
3	3	3
4	4	4
5	5	5
6	6	6
7	7	7
8	8	8
9	9	9
select * from t1 where a = 0;
a	b	c
0	0	0
select * from t1 where a < 0;
a	b	c
-1	-1	-1
-2	-2	-2
-3	-3	-3
-4	-4	-4
-5	-5	-5
-6	-6	-6
-7	-7	-7
-8	-8	-8
-9	-9	-9
select * from t1 where a > 1;
a	b	c
10	10	10
2	2	2
3	3	3
4	4	4
5	5	5
6	6	6
7	7	7
8	8	8
9	9	9
select * from t1 where a = 2;
a	b	c
2	2	2
select * from t1 where a < 3;
a	b	c
-1	-1	-1
-2	-2	-2
-3	-3	-3
-4	-4	-4
-5	-5	-5
-6	-6	-6
-7	-7	-7
-8	-8	-8
-9	-9	-9
0	0	0
1	1	1
2	2	2
drop table t1;
create table t1(a int, b int, c int, primary key(a,b));
select * from t1;
a	b	c
select * from t1 where a > -1;
a	b	c
select * from t1 where a = -1;
a	b	c
select * from t1 where a < -1;
a	b	c
select * from t1 where a > 0;
a	b	c
select * from t1 where a = 0;
a	b	c
select * from t1 where a < 0;
a	b	c
select * from t1 where a > 1;
a	b	c
select * from t1 where a = 1;
a	b	c
select * from t1 where a < 1;
a	b	c
select * from t1 where a > -1 and b > -1;
a	b	c
select * from t1 where a = -1 and b = -1;
a	b	c
select * from t1 where a < -1 and b < -1;
a	b	c
select * from t1 where a > 0 and b > 0;
a	b	c
select * from t1 where a = 0 and b = 0;
a	b	c
select * from t1 where a < 0 and b < 0;
a	b	c
select * from t1 where a > 1 and b > 1;
a	b	c
select * from t1 where a = 1 and b = 1;
a	b	c
select * from t1 where a < 1 and b < 1;
a	b	c
select * from t1 where a > -1 and b < -1;
a	b	c
select * from t1 where a = -1 and b != -1;
a	b	c
select * from t1 where a < -1 and b > -1;
a	b	c
select * from t1 where a > 0 and b < 0;
a	b	c
select * from t1 where a = 0 and b != 0;
a	b	c
select * from t1 where a < 0 and b > 0;
a	b	c
select * from t1 where a > 1 and b < 1;
a	b	c
select * from t1 where a = 1 and b != 1;
a	b	c
select * from t1 where a < 1 and b > 1;
a	b	c
select * from t1 where a > -1;
a	b	c
0	0	0
1	1	1
2	2	2
3	3	3
4	4	4
5	5	5
6	6	6
7	7	7
8	8	8
9	9	9
10	10	10
select * from t1 where a = -1;
a	b	c
-1	-1	-1
select * from t1 where a < -1;
a	b	c
-9	-9	-9
-8	-8	-8
-7	-7	-7
-6	-6	-6
-5	-5	-5
-4	-4	-4
-3	-3	-3
-2	-2	-2
select * from t1 where a > 0;
a	b	c
1	1	1
2	2	2
3	3	3
4	4	4
5	5	5
6	6	6
7	7	7
8	8	8
9	9	9
10	10	10
select * from t1 where a = 0;
a	b	c
0	0	0
select * from t1 where a < 0;
a	b	c
-9	-9	-9
-8	-8	-8
-7	-7	-7
-6	-6	-6
-5	-5	-5
-4	-4	-4
-3	-3	-3
-2	-2	-2
-1	-1	-1
select * from t1 where a > 1;
a	b	c
2	2	2
3	3	3
4	4	4
5	5	5
6	6	6
7	7	7
8	8	8
9	9	9
10	10	10
select * from t1 where a = 1;
a	b	c
1	1	1
select * from t1 where a < 1;
a	b	c
-9	-9	-9
-8	-8	-8
-7	-7	-7
-6	-6	-6
-5	-5	-5
-4	-4	-4
-3	-3	-3
-2	-2	-2
-1	-1	-1
0	0	0
select * from t1 where a > -1 and b > -1;
a	b	c
0	0	0
1	1	1
2	2	2
3	3	3
4	4	4
5	5	5
6	6	6
7	7	7
8	8	8
9	9	9
10	10	10
select * from t1 where a = -1 and b = -1;
a	b	c
-1	-1	-1
select * from t1 where a < -1 and b < -1;
a	b	c
-9	-9	-9
-8	-8	-8
-7	-7	-7
-6	-6	-6
-5	-5	-5
-4	-4	-4
-3	-3	-3
-2	-2	-2
select * from t1 where a > 0 and b > 0;
a	b	c
1	1	1
2	2	2
3	3	3
4	4	4
5	5	5
6	6	6
7	7	7
8	8	8
9	9	9
10	10	10
select * from t1 where a = 0 and b = 0;
a	b	c
0	0	0
select * from t1 where a < 0 and b < 0;
a	b	c
-9	-9	-9
-8	-8	-8
-7	-7	-7
-6	-6	-6
-5	-5	-5
-4	-4	-4
-3	-3	-3
-2	-2	-2
-1	-1	-1
select * from t1 where a > 1 and b > 1;
a	b	c
2	2	2
3	3	3
4	4	4
5	5	5
6	6	6
7	7	7
8	8	8
9	9	9
10	10	10
select * from t1 where a = 1 and b = 1;
a	b	c
1	1	1
select * from t1 where a < 1 and b < 1;
a	b	c
-9	-9	-9
-8	-8	-8
-7	-7	-7
-6	-6	-6
-5	-5	-5
-4	-4	-4
-3	-3	-3
-2	-2	-2
-1	-1	-1
0	0	0
select * from t1 where a > -1 and b < -1;
a	b	c
select * from t1 where a = -1 and b != -1;
a	b	c
select * from t1 where a < -1 and b > -1;
a	b	c
select * from t1 where a > 0 and b < 0;
a	b	c
select * from t1 where a = 0 and b != 0;
a	b	c
select * from t1 where a < 0 and b > 0;
a	b	c
select * from t1 where a > 1 and b < 1;
a	b	c
select * from t1 where a = 1 and b != 1;
a	b	c
select * from t1 where a < 1 and b > 1;
a	b	c
select * from t1;
a	b	c
-9	-9	-9
-8	-8	-8
-7	-7	-7
-6	-6	-6
-5	-5	-5
-4	-4	-4
-3	-3	-3
-2	-2	-2
-1	-1	-1
0	0	0
1	1	1
2	2	2
3	3	3
4	4	4
5	5	5
6	6	6
7	7	7
8	8	8
9	9	9
10	10	10
drop table t1;
