drop table if exists t1;
alter system set merge_delay_interval='5s' server_type=chunkserver;
alter system set min_major_freeze_interval='5s' server_type=updateserver;
create table t1 (c1 datetime ,c2 int ,c3 varchar(8),c4 float,c5 double ,c6 decimal(5,4),primary key (c1));
insert into t1 values ('2015-08-08 12:13:16',1,'maosiyu',4.56,2.36455,3.26),('3012-08-08 12:13:16',2,'maosiyu',45.6,2.36455,4.18),('1960-08-08 12:13:16',1,'maosiyu',59.98,2.36455,9.56);
create index il0 on t1(c6,c3,c5) storing(c2,c4);
create index il1 on t1(c6,c2) storing(c5,c3,c4);
create index il2 on t1(c3,c5) storing(c2);
create index il3 on t1(c3,c6,c5,c4);
create index il4 on t1(c4);
"merge"
[major_freeze] err=0
alter system set merge_delay_interval='5s' server_type=chunkserver;
alter system set min_major_freeze_interval='5s' server_type=updateserver;
__3001__idx__il0
select * from __3001__idx__il0;
c1	c2	c3	c4	c5	c6
2015-08-08 12:13:16	1	maosiyu	4.56	2.36455	3.2600
3012-08-08 12:13:16	2	maosiyu	45.6	2.36455	4.1800
1960-08-08 12:13:16	1	maosiyu	59.98	2.36455	9.5600
select * from __3001__idx__il1;
c1	c2	c3	c4	c5	c6
2015-08-08 12:13:16	1	maosiyu	4.56	2.36455	3.2600
3012-08-08 12:13:16	2	maosiyu	45.6	2.36455	4.1800
1960-08-08 12:13:16	1	maosiyu	59.98	2.36455	9.5600
select * from __3001__idx__il2;
c1	c2	c3	c5
1960-08-08 12:13:16	1	maosiyu	2.36455
2015-08-08 12:13:16	1	maosiyu	2.36455
3012-08-08 12:13:16	2	maosiyu	2.36455
select * from __3001__idx__il3;
c1	c3	c4	c5	c6	ob_virtual_col
2015-08-08 12:13:16	maosiyu	4.56	2.36455	3.2600	NULL
3012-08-08 12:13:16	maosiyu	45.6	2.36455	4.1800	NULL
1960-08-08 12:13:16	maosiyu	59.98	2.36455	9.5600	NULL
select * from __3001__idx__il4;
c1	c4	ob_virtual_col
2015-08-08 12:13:16	4.56	NULL
3012-08-08 12:13:16	45.6	NULL
1960-08-08 12:13:16	59.98	NULL
replace into t1 values ('2015-06-02 12:45:32.238746',78,'hese',1.1,1.10000,1.265);
select * from t1;
c1	c2	c3	c4	c5	c6
1960-08-08 12:13:16	1	maosiyu	59.98	2.36455	9.5600
2015-06-02 12:45:32.238746	78	hese	1.1	1.1	1.2650
2015-08-08 12:13:16	1	maosiyu	4.56	2.36455	3.2600
3012-08-08 12:13:16	2	maosiyu	45.6	2.36455	4.1800
select * from __3001__idx__il0;
c1	c2	c3	c4	c5	c6
2015-06-02 12:45:32.238746	78	hese	1.1	1.1	1.2650
2015-08-08 12:13:16	1	maosiyu	4.56	2.36455	3.2600
3012-08-08 12:13:16	2	maosiyu	45.6	2.36455	4.1800
1960-08-08 12:13:16	1	maosiyu	59.98	2.36455	9.5600
select * from __3001__idx__il1;
c1	c2	c3	c4	c5	c6
2015-06-02 12:45:32.238746	78	hese	1.1	1.1	1.2650
2015-08-08 12:13:16	1	maosiyu	4.56	2.36455	3.2600
3012-08-08 12:13:16	2	maosiyu	45.6	2.36455	4.1800
1960-08-08 12:13:16	1	maosiyu	59.98	2.36455	9.5600
select * from __3001__idx__il2;
c1	c2	c3	c5
2015-06-02 12:45:32.238746	78	hese	1.1
1960-08-08 12:13:16	1	maosiyu	2.36455
2015-08-08 12:13:16	1	maosiyu	2.36455
3012-08-08 12:13:16	2	maosiyu	2.36455
select * from __3001__idx__il3;
c1	c3	c4	c5	c6	ob_virtual_col
2015-06-02 12:45:32.238746	hese	1.1	1.1	1.2650	NULL
2015-08-08 12:13:16	maosiyu	4.56	2.36455	3.2600	NULL
3012-08-08 12:13:16	maosiyu	45.6	2.36455	4.1800	NULL
1960-08-08 12:13:16	maosiyu	59.98	2.36455	9.5600	NULL
select * from __3001__idx__il4;
c1	c4	ob_virtual_col
2015-06-02 12:45:32.238746	1.1	NULL
2015-08-08 12:13:16	4.56	NULL
3012-08-08 12:13:16	45.6	NULL
1960-08-08 12:13:16	59.98	NULL
replace into t1 values('2015-12-11 19:29:26.486128',8*9,'hwr3',7/8,8/9,9/10);
select * from t1;
c1	c2	c3	c4	c5	c6
1960-08-08 12:13:16	1	maosiyu	59.98	2.36455	9.5600
2015-06-02 12:45:32.238746	78	hese	1.1	1.1	1.2650
2015-08-08 12:13:16	1	maosiyu	4.56	2.36455	3.2600
2015-12-11 19:29:26.486128	72	hwr3	0	0	0.0000
3012-08-08 12:13:16	2	maosiyu	45.6	2.36455	4.1800
select * from __3001__idx__il0;
c1	c2	c3	c4	c5	c6
2015-12-11 19:29:26.486128	72	hwr3	0	0	0.0000
2015-06-02 12:45:32.238746	78	hese	1.1	1.1	1.2650
2015-08-08 12:13:16	1	maosiyu	4.56	2.36455	3.2600
3012-08-08 12:13:16	2	maosiyu	45.6	2.36455	4.1800
1960-08-08 12:13:16	1	maosiyu	59.98	2.36455	9.5600
select * from __3001__idx__il1;
c1	c2	c3	c4	c5	c6
2015-12-11 19:29:26.486128	72	hwr3	0	0	0.0000
2015-06-02 12:45:32.238746	78	hese	1.1	1.1	1.2650
2015-08-08 12:13:16	1	maosiyu	4.56	2.36455	3.2600
3012-08-08 12:13:16	2	maosiyu	45.6	2.36455	4.1800
1960-08-08 12:13:16	1	maosiyu	59.98	2.36455	9.5600
select * from __3001__idx__il2;
c1	c2	c3	c5
2015-06-02 12:45:32.238746	78	hese	1.1
2015-12-11 19:29:26.486128	72	hwr3	0
1960-08-08 12:13:16	1	maosiyu	2.36455
2015-08-08 12:13:16	1	maosiyu	2.36455
3012-08-08 12:13:16	2	maosiyu	2.36455
select * from __3001__idx__il3;
c1	c3	c4	c5	c6	ob_virtual_col
2015-06-02 12:45:32.238746	hese	1.1	1.1	1.2650	NULL
2015-12-11 19:29:26.486128	hwr3	0	0	0.0000	NULL
2015-08-08 12:13:16	maosiyu	4.56	2.36455	3.2600	NULL
3012-08-08 12:13:16	maosiyu	45.6	2.36455	4.1800	NULL
1960-08-08 12:13:16	maosiyu	59.98	2.36455	9.5600	NULL
select * from __3001__idx__il4;
c1	c4	ob_virtual_col
2015-12-11 19:29:26.486128	0	NULL
2015-06-02 12:45:32.238746	1.1	NULL
2015-08-08 12:13:16	4.56	NULL
3012-08-08 12:13:16	45.6	NULL
1960-08-08 12:13:16	59.98	NULL
replace into t1(c1,c6,c2) values('2015-06-02 12:45:32.238746',7/9,7*8);
replace into t1(c1,c6,c3) values('2015-06-02 12:45:32.238746',7/9,'zhangd');
replace into t1(c1,c6,c4) values('2015-06-02 12:45:32.238746',7/9,7/95);
replace into t1(c1,c6,c5) values('2015-06-02 12:45:32.238746',7/9,7/98);
select * from t1;
c1	c2	c3	c4	c5	c6
1960-08-08 12:13:16	1	maosiyu	59.98	2.36455	9.5600
2015-06-02 12:45:32.238746	56	zhangd	0	0	0.0000
2015-08-08 12:13:16	1	maosiyu	4.56	2.36455	3.2600
2015-12-11 19:29:26.486128	72	hwr3	0	0	0.0000
3012-08-08 12:13:16	2	maosiyu	45.6	2.36455	4.1800
select * from __3001__idx__il0;
c1	c2	c3	c4	c5	c6
2015-12-11 19:29:26.486128	72	hwr3	0	0	0.0000
2015-06-02 12:45:32.238746	56	zhangd	0	0	0.0000
2015-08-08 12:13:16	1	maosiyu	4.56	2.36455	3.2600
3012-08-08 12:13:16	2	maosiyu	45.6	2.36455	4.1800
1960-08-08 12:13:16	1	maosiyu	59.98	2.36455	9.5600
select * from __3001__idx__il1;
c1	c2	c3	c4	c5	c6
2015-06-02 12:45:32.238746	56	zhangd	0	0	0.0000
2015-12-11 19:29:26.486128	72	hwr3	0	0	0.0000
2015-08-08 12:13:16	1	maosiyu	4.56	2.36455	3.2600
3012-08-08 12:13:16	2	maosiyu	45.6	2.36455	4.1800
1960-08-08 12:13:16	1	maosiyu	59.98	2.36455	9.5600
select * from __3001__idx__il2;
c1	c2	c3	c5
2015-12-11 19:29:26.486128	72	hwr3	0
1960-08-08 12:13:16	1	maosiyu	2.36455
2015-08-08 12:13:16	1	maosiyu	2.36455
3012-08-08 12:13:16	2	maosiyu	2.36455
2015-06-02 12:45:32.238746	56	zhangd	0
select * from __3001__idx__il3;
c1	c3	c4	c5	c6	ob_virtual_col
2015-12-11 19:29:26.486128	hwr3	0	0	0.0000	NULL
2015-08-08 12:13:16	maosiyu	4.56	2.36455	3.2600	NULL
3012-08-08 12:13:16	maosiyu	45.6	2.36455	4.1800	NULL
1960-08-08 12:13:16	maosiyu	59.98	2.36455	9.5600	NULL
2015-06-02 12:45:32.238746	zhangd	0	0	0.0000	NULL
select * from __3001__idx__il4;
c1	c4	ob_virtual_col
2015-06-02 12:45:32.238746	0	NULL
2015-12-11 19:29:26.486128	0	NULL
2015-08-08 12:13:16	4.56	NULL
3012-08-08 12:13:16	45.6	NULL
1960-08-08 12:13:16	59.98	NULL
