drop table if exists t1;
create table t1 (a int primary key, b int);
prepare stmt from 'select ??';
ERROR 42000: You have an error in your SQL syntax; check the manual that corresponds to your OceanBase version for the right syntax to use near ''select ??'' at line 1
prepare stmt from 'select ?FROM t1';
ERROR 42000: You have an error in your SQL syntax; check the manual that corresponds to your OceanBase version for the right syntax to use near ''select ?FROM t1'' at line 1
prepare stmt from 'select FROM t1 WHERE?=1';
ERROR 42000: You have an error in your SQL syntax; check the manual that corresponds to your OceanBase version for the right syntax to use near ''select FROM t1 WHERE?=1'' at line 1
prepare stmt from 'update t1 set @a=a+?WHERE 1';
ERROR 42000: You have an error in your SQL syntax; check the manual that corresponds to your OceanBase version for the right syntax to use near ''update t1 set @a=a+?WHERE 1'' at line 1
select ?;
ERROR 42000: Uknown column '?'
select ??;
ERROR 42000: You have an error in your SQL syntax; check the manual that corresponds to your OceanBase version for the right syntax to use near '?' at line 1
select ? from t1;
ERROR 42000: Uknown column '?'
drop table t1;
select ?;
ERROR 42000: Uknown column '?'
