drop table if exists t1;
set timeout to 10s
set wait_timeout = 5;
create table t1(c1 int primary key, c2 int);
insert into t1 values(1,1);
insert into t1 values(2,2);
insert into t1 values(3,3);
create 2 sessions
set interactive_timeout = 1;
interactive_timeout not effective 
begin;
insert into t1 values(4,4);
insert into t1 values(5,5);
insert into t1 values(6,6);
commit;
select * from t1;
c1	c2
1	1
2	2
3	3
4	4
5	5
6	6
wait_timeout
set wait_timeout = 5;
begin;
insert into t1 values(11,11);
insert into t1 values(12,12);
ERROR HY000: MySQL server has gone away
commit;
ERROR HY000: MySQL server has gone away
select * from t1;
ERROR HY000: MySQL server has gone away
