drop table if exists t1,t2;
create table t1(i int primary key, c1 char(1), c256 char(256), dt datetime, d  datetime, ct createtime, mt modifytime);
create table t2(i int primary key, c1 char(1), c256 char(256), dt datetime, d  datetime, ct createtime, mt modifytime);
insert the same row repeatedly
insert different rows to t1
select t1
test join
insert different rows to t2
select t1,t2 with join
test select count
select count(*) from t1;
count(*)
10000
select count(*) from t1;
count(*)
10000
select count(*) from t1;
count(*)
10000
select count(*) from t1;
count(*)
10000
select count(*) from t1;
count(*)
10000
select count(*) from t1;
count(*)
10000
select count(*) from t1;
count(*)
10000
select count(*) from t1;
count(*)
10000
select count(*) from t1;
count(*)
10000
select count(*) from t1;
count(*)
10000
select count(*) from t1;
count(*)
10000
select count(*) from t1;
count(*)
10000
select count(*) from t1;
count(*)
10000
select count(*) from t1;
count(*)
10000
select count(*) from t1;
count(*)
10000
select count(*) from t1;
count(*)
10000
select count(*) from t1;
count(*)
10000
select count(*) from t1;
count(*)
10000
select count(*) from t1;
count(*)
10000
select count(*) from t1;
count(*)
10000
select count(*) from t1;
count(*)
10000
select count(*) from t1;
count(*)
10000
select count(*) from t1;
count(*)
10000
select count(*) from t1;
count(*)
10000
select count(*) from t1;
count(*)
10000
select count(*) from t1;
count(*)
10000
select count(*) from t1;
count(*)
10000
select count(*) from t1;
count(*)
10000
select count(*) from t1;
count(*)
10000
select count(*) from t1;
count(*)
10000
select count(*) from t1;
count(*)
10000
select count(*) from t1;
count(*)
10000
select count(*) from t1;
count(*)
10000
select count(*) from t1;
count(*)
10000
select count(*) from t1;
count(*)
10000
select count(*) from t1;
count(*)
10000
select count(*) from t1;
count(*)
10000
select count(*) from t1;
count(*)
10000
select count(*) from t1;
count(*)
10000
select count(*) from t1;
count(*)
10000
select count(*) from t1;
count(*)
10000
select count(*) from t1;
count(*)
10000
select count(*) from t1;
count(*)
10000
select count(*) from t1;
count(*)
10000
select count(*) from t1;
count(*)
10000
select count(*) from t1;
count(*)
10000
select count(*) from t1;
count(*)
10000
select count(*) from t1;
count(*)
10000
select count(*) from t1;
count(*)
10000
select count(*) from t1;
count(*)
10000
select count(*) from t1;
count(*)
10000
select count(*) from t1;
count(*)
10000
select count(*) from t1;
count(*)
10000
select count(*) from t1;
count(*)
10000
select count(*) from t1;
count(*)
10000
select count(*) from t1;
count(*)
10000
select count(*) from t1;
count(*)
10000
select count(*) from t1;
count(*)
10000
select count(*) from t1;
count(*)
10000
select count(*) from t1;
count(*)
10000
select count(*) from t1;
count(*)
10000
select count(*) from t1;
count(*)
10000
select count(*) from t1;
count(*)
10000
select count(*) from t1;
count(*)
10000
select count(*) from t1;
count(*)
10000
select count(*) from t1;
count(*)
10000
select count(*) from t1;
count(*)
10000
select count(*) from t1;
count(*)
10000
select count(*) from t1;
count(*)
10000
select count(*) from t1;
count(*)
10000
select count(*) from t1;
count(*)
10000
select count(*) from t1;
count(*)
10000
select count(*) from t1;
count(*)
10000
select count(*) from t1;
count(*)
10000
select count(*) from t1;
count(*)
10000
select count(*) from t1;
count(*)
10000
select count(*) from t1;
count(*)
10000
select count(*) from t1;
count(*)
10000
select count(*) from t1;
count(*)
10000
select count(*) from t1;
count(*)
10000
select count(*) from t1;
count(*)
10000
select count(*) from t1;
count(*)
10000
select count(*) from t1;
count(*)
10000
select count(*) from t1;
count(*)
10000
select count(*) from t1;
count(*)
10000
select count(*) from t1;
count(*)
10000
select count(*) from t1;
count(*)
10000
select count(*) from t1;
count(*)
10000
select count(*) from t1;
count(*)
10000
select count(*) from t1;
count(*)
10000
select count(*) from t1;
count(*)
10000
select count(*) from t1;
count(*)
10000
select count(*) from t1;
count(*)
10000
select count(*) from t1;
count(*)
10000
select count(*) from t1;
count(*)
10000
select count(*) from t1;
count(*)
10000
select count(*) from t1;
count(*)
10000
select count(*) from t1;
count(*)
10000
select count(*) from t1;
count(*)
10000
select count(*) from t1;
count(*)
10000
test join count
select count(t1.i) from t1,t2 where t1.i=t2.i;
count(t1.i)
10000
select count(t1.i) from t1,t2 where t1.i=t2.i;
count(t1.i)
10000
select count(t1.i) from t1,t2 where t1.i=t2.i;
count(t1.i)
10000
select count(t1.i) from t1,t2 where t1.i=t2.i;
count(t1.i)
10000
select count(t1.i) from t1,t2 where t1.i=t2.i;
count(t1.i)
10000
select count(t1.i) from t1,t2 where t1.i=t2.i;
count(t1.i)
10000
select count(t1.i) from t1,t2 where t1.i=t2.i;
count(t1.i)
10000
select count(t1.i) from t1,t2 where t1.i=t2.i;
count(t1.i)
10000
select count(t1.i) from t1,t2 where t1.i=t2.i;
count(t1.i)
10000
select count(t1.i) from t1,t2 where t1.i=t2.i;
count(t1.i)
10000
select count(t1.i) from t1,t2 where t1.i=t2.i;
count(t1.i)
10000
select count(t1.i) from t1,t2 where t1.i=t2.i;
count(t1.i)
10000
select count(t1.i) from t1,t2 where t1.i=t2.i;
count(t1.i)
10000
select count(t1.i) from t1,t2 where t1.i=t2.i;
count(t1.i)
10000
select count(t1.i) from t1,t2 where t1.i=t2.i;
count(t1.i)
10000
select count(t1.i) from t1,t2 where t1.i=t2.i;
count(t1.i)
10000
select count(t1.i) from t1,t2 where t1.i=t2.i;
count(t1.i)
10000
select count(t1.i) from t1,t2 where t1.i=t2.i;
count(t1.i)
10000
select count(t1.i) from t1,t2 where t1.i=t2.i;
count(t1.i)
10000
select count(t1.i) from t1,t2 where t1.i=t2.i;
count(t1.i)
10000
select count(t1.i) from t1,t2 where t1.i=t2.i;
count(t1.i)
10000
select count(t1.i) from t1,t2 where t1.i=t2.i;
count(t1.i)
10000
select count(t1.i) from t1,t2 where t1.i=t2.i;
count(t1.i)
10000
select count(t1.i) from t1,t2 where t1.i=t2.i;
count(t1.i)
10000
select count(t1.i) from t1,t2 where t1.i=t2.i;
count(t1.i)
10000
select count(t1.i) from t1,t2 where t1.i=t2.i;
count(t1.i)
10000
select count(t1.i) from t1,t2 where t1.i=t2.i;
count(t1.i)
10000
select count(t1.i) from t1,t2 where t1.i=t2.i;
count(t1.i)
10000
select count(t1.i) from t1,t2 where t1.i=t2.i;
count(t1.i)
10000
select count(t1.i) from t1,t2 where t1.i=t2.i;
count(t1.i)
10000
select count(t1.i) from t1,t2 where t1.i=t2.i;
count(t1.i)
10000
select count(t1.i) from t1,t2 where t1.i=t2.i;
count(t1.i)
10000
select count(t1.i) from t1,t2 where t1.i=t2.i;
count(t1.i)
10000
select count(t1.i) from t1,t2 where t1.i=t2.i;
count(t1.i)
10000
select count(t1.i) from t1,t2 where t1.i=t2.i;
count(t1.i)
10000
select count(t1.i) from t1,t2 where t1.i=t2.i;
count(t1.i)
10000
select count(t1.i) from t1,t2 where t1.i=t2.i;
count(t1.i)
10000
select count(t1.i) from t1,t2 where t1.i=t2.i;
count(t1.i)
10000
select count(t1.i) from t1,t2 where t1.i=t2.i;
count(t1.i)
10000
select count(t1.i) from t1,t2 where t1.i=t2.i;
count(t1.i)
10000
select count(t1.i) from t1,t2 where t1.i=t2.i;
count(t1.i)
10000
select count(t1.i) from t1,t2 where t1.i=t2.i;
count(t1.i)
10000
select count(t1.i) from t1,t2 where t1.i=t2.i;
count(t1.i)
10000
select count(t1.i) from t1,t2 where t1.i=t2.i;
count(t1.i)
10000
select count(t1.i) from t1,t2 where t1.i=t2.i;
count(t1.i)
10000
select count(t1.i) from t1,t2 where t1.i=t2.i;
count(t1.i)
10000
select count(t1.i) from t1,t2 where t1.i=t2.i;
count(t1.i)
10000
select count(t1.i) from t1,t2 where t1.i=t2.i;
count(t1.i)
10000
select count(t1.i) from t1,t2 where t1.i=t2.i;
count(t1.i)
10000
select count(t1.i) from t1,t2 where t1.i=t2.i;
count(t1.i)
10000
select count(t1.i) from t1,t2 where t1.i=t2.i;
count(t1.i)
10000
select count(t1.i) from t1,t2 where t1.i=t2.i;
count(t1.i)
10000
select count(t1.i) from t1,t2 where t1.i=t2.i;
count(t1.i)
10000
select count(t1.i) from t1,t2 where t1.i=t2.i;
count(t1.i)
10000
select count(t1.i) from t1,t2 where t1.i=t2.i;
count(t1.i)
10000
select count(t1.i) from t1,t2 where t1.i=t2.i;
count(t1.i)
10000
select count(t1.i) from t1,t2 where t1.i=t2.i;
count(t1.i)
10000
select count(t1.i) from t1,t2 where t1.i=t2.i;
count(t1.i)
10000
select count(t1.i) from t1,t2 where t1.i=t2.i;
count(t1.i)
10000
select count(t1.i) from t1,t2 where t1.i=t2.i;
count(t1.i)
10000
select count(t1.i) from t1,t2 where t1.i=t2.i;
count(t1.i)
10000
select count(t1.i) from t1,t2 where t1.i=t2.i;
count(t1.i)
10000
select count(t1.i) from t1,t2 where t1.i=t2.i;
count(t1.i)
10000
select count(t1.i) from t1,t2 where t1.i=t2.i;
count(t1.i)
10000
select count(t1.i) from t1,t2 where t1.i=t2.i;
count(t1.i)
10000
select count(t1.i) from t1,t2 where t1.i=t2.i;
count(t1.i)
10000
select count(t1.i) from t1,t2 where t1.i=t2.i;
count(t1.i)
10000
select count(t1.i) from t1,t2 where t1.i=t2.i;
count(t1.i)
10000
select count(t1.i) from t1,t2 where t1.i=t2.i;
count(t1.i)
10000
select count(t1.i) from t1,t2 where t1.i=t2.i;
count(t1.i)
10000
select count(t1.i) from t1,t2 where t1.i=t2.i;
count(t1.i)
10000
select count(t1.i) from t1,t2 where t1.i=t2.i;
count(t1.i)
10000
select count(t1.i) from t1,t2 where t1.i=t2.i;
count(t1.i)
10000
select count(t1.i) from t1,t2 where t1.i=t2.i;
count(t1.i)
10000
select count(t1.i) from t1,t2 where t1.i=t2.i;
count(t1.i)
10000
select count(t1.i) from t1,t2 where t1.i=t2.i;
count(t1.i)
10000
select count(t1.i) from t1,t2 where t1.i=t2.i;
count(t1.i)
10000
select count(t1.i) from t1,t2 where t1.i=t2.i;
count(t1.i)
10000
select count(t1.i) from t1,t2 where t1.i=t2.i;
count(t1.i)
10000
select count(t1.i) from t1,t2 where t1.i=t2.i;
count(t1.i)
10000
select count(t1.i) from t1,t2 where t1.i=t2.i;
count(t1.i)
10000
select count(t1.i) from t1,t2 where t1.i=t2.i;
count(t1.i)
10000
select count(t1.i) from t1,t2 where t1.i=t2.i;
count(t1.i)
10000
select count(t1.i) from t1,t2 where t1.i=t2.i;
count(t1.i)
10000
select count(t1.i) from t1,t2 where t1.i=t2.i;
count(t1.i)
10000
select count(t1.i) from t1,t2 where t1.i=t2.i;
count(t1.i)
10000
select count(t1.i) from t1,t2 where t1.i=t2.i;
count(t1.i)
10000
select count(t1.i) from t1,t2 where t1.i=t2.i;
count(t1.i)
10000
select count(t1.i) from t1,t2 where t1.i=t2.i;
count(t1.i)
10000
select count(t1.i) from t1,t2 where t1.i=t2.i;
count(t1.i)
10000
select count(t1.i) from t1,t2 where t1.i=t2.i;
count(t1.i)
10000
select count(t1.i) from t1,t2 where t1.i=t2.i;
count(t1.i)
10000
select count(t1.i) from t1,t2 where t1.i=t2.i;
count(t1.i)
10000
select count(t1.i) from t1,t2 where t1.i=t2.i;
count(t1.i)
10000
select count(t1.i) from t1,t2 where t1.i=t2.i;
count(t1.i)
10000
select count(t1.i) from t1,t2 where t1.i=t2.i;
count(t1.i)
10000
select count(t1.i) from t1,t2 where t1.i=t2.i;
count(t1.i)
10000
select count(t1.i) from t1,t2 where t1.i=t2.i;
count(t1.i)
10000
select count(t1.i) from t1,t2 where t1.i=t2.i;
count(t1.i)
10000
select count(t1.i) from t1,t2 where t1.i=t2.i;
count(t1.i)
10000
drop table t1;
