drop table if exists t1,t2,t3,t4;
create table t1(pk int primary key, a int);
begin;
insert into t1 values(1,1);
insert into t1 values(2,1),(4,1);
select * from t1;
pk	a
1	1
2	1
4	1
begin;
insert into t1 values(3,1);
select * from t1;
pk	a
3	1
insert into t1 values(2,1),(4,1);
ERROR HY000: Exclusive lock conflict 'int32:2' for key 'PRIMARY'
ROLLBACK;
commit;
select * from t1;
pk	a
1	1
2	1
4	1
begin;
insert into t1 values(1,1);
ERROR 23000: Duplicate entry ' <3001.16>=int32:1' for key 'PRIMARY'
ROLLBACK;
drop table t1;
create table t1(pk varchar primary key, a varchar);
insert into t1 values('1','1'),('0','1');
begin;
insert into t1 values('2','1'),('3','1');
begin;
insert into t1 values('4','1'),('5','1');
begin;
insert into t1 values('6','1'),('5','1');
ERROR HY000: Exclusive lock conflict 'varchar:5' for key 'PRIMARY'
select * from t1;
pk	a
0	1
1	1
ROLLBACK;
commit;
commit;
select * from t1;
pk	a
0	1
1	1
2	1
3	1
4	1
5	1
