drop table if exists t1,t2,d1;
create table t1 (pk int primary key, f1 float,f2 float);
insert into t1 values(1,10,10),(2,1e+5,1e+5),(3,1234567890,1234567890),(4,1e+10,1e+10),(5,1e+15,1e+15),(6,1e+20,1e+20),(7,1e+50,1e+50),(8,1e+150,1e+150);
insert into t1 values(9,-10,-10),(10,1e-5,1e-5),(11,1e-10,1e-10),(12,1e-15,1e-15),(13,1e-20,1e-20),(14,1e-50,1e-50),(15,1e-150,1e-150);
select * from t1;
pk	f1	f2
1	10	10
2	100000	100000
3	1234570000	1234570000
4	10000000000	10000000000
5	1e15	1e15
6	1e20	1e20
7	0	0
8	0	0
9	-10	-10
10	0.00001	0.00001
11	0.0000000001	0.0000000001
12	0.000000000000001	0.000000000000001
13	1e-20	1e-20
14	0	0
15	0	0
drop table t1;
create table t1 (datum double primary key, a double);
insert into t1(datum) values (0.5),(1.0),(1.5),(2.0),(2.5);
select * from t1;
datum	a
0.5	NULL
1	NULL
1.5	NULL
2	NULL
2.5	NULL
select * from t1 where datum < 1.5;
datum	a
0.5	NULL
1	NULL
select * from t1 where datum > 1.5;
datum	a
2	NULL
2.5	NULL
select * from t1 where datum = 1.5;
datum	a
1.5	NULL
drop table t1;
create table t1 (pk int primary key,a  float);
insert into t1 values (1,'0'),(2,'-0.00'),(3,'-0.01'),(4,'-0.002'),(5,'1');
select a from t1 order by a;
a
-0.01
-0.002
0
-0
1
select min(a) from t1;
min(a)
-0.01
drop table t1;
create table t1 (c1 double primary key, c2 varchar(20));
insert into t1 values (121,'16');
select c1 + c1 * (c2 / 100) as col from t1;
col
140.36
drop table t1;
create table t1 (a float primary key, b float);
insert into t1(a) values (1);
select max(a),min(a),avg(a) from t1;
max(a)	min(a)	avg(a)
1	1	1
drop table t1;
create table t1 (pk int primary key, c20 char );
insert into t1 values (1, 5000.0);
insert into t1 values (2, 0.5e4);
drop table t1;
create table t1 (pk int primary key,f float);
insert into t1 values (1,-11.0),(2,-11),(3,'-11'),(4,11.0),(5,11),(6,'11');
select * from t1;
pk	f
1	-11
2	-11
3	-11
4	11
5	11
6	11
drop table if exists t1;
create table t1 (c char(20) primary key, d char(20));
insert into t1(c) values (5e-28);
select * from t1;
c	d
0.000000	NULL
drop table t1;
create table t1 (c char(6) primary key,d char(6));
insert into t1(c) values (2e5),(2e6),(2e-4),(2e-5);
select * from t1;
c	d
0.000020	NULL
0.000200	NULL
200000.000000	NULL
2000000.000000	NULL
drop table t1;
CREATE TABLE t1 (
reckey int ,
recdesc varchar(50) ,
PRIMARY KEY  (reckey)
) ;
INSERT INTO t1 VALUES (108, 'Has 108 as key');
INSERT INTO t1 VALUES (109, 'Has 109 as key');
select * from t1 where reckey=108;
reckey	recdesc
108	Has 108 as key
select * from t1 where reckey=1.08E2;
reckey	recdesc
108	Has 108 as key
select * from t1 where reckey=109;
reckey	recdesc
109	Has 109 as key
select * from t1 where reckey=1.09E2;
reckey	recdesc
109	Has 109 as key
drop table t1;
create table t1 (d double primary key, e double);
create table t2 (d double primary key, e double);
insert into t1(d) values ('100000000.0');
insert into t2(d) values ('1.23456780');
select * from t2 union select * from t1;
d	e
1.2345678	NULL
100000000	NULL
drop table t1, t2;
create table t1(a int, b double , primary key(a,b), c double);
insert into t1(a,b) values
(1, 28.50), (1, 121.85), (1, 157.23), (1, 1351.00), (1, -1965.35), (1, 81.75), 
(1, 217.08), (1, 7.94), (4, 96.07), (4, 6404.65), (4, -6500.72), (2, 100.00),
(5, 5.00), (5, -2104.80), (5, 2033.80), (5, 0.07), (5, 65.93),
(3, -4986.24), (3, 5.00), (3, 4857.34), (3, 123.74), (3,  0.16),
(6, -1695.31), (6, 1003.77), (6, 499.72), (6, 191.82);
select sum(b) s from t1 group by a;
s
0
100
0
-0.0000000000009094947017729282
0
0
select sum(b) s from t1 group by a having s <> 0;
s
100
-0.0000000000009094947017729282
select sum(b) s from t1 group by a having s <> 0 order by s;
s
-0.0000000000009094947017729282
100
select sum(b) s from t1 group by a having s = 0;
s
0
0
0
0
select sum(b) s from t1 group by a having s = 0 order by s;
s
0
0
0
0
drop table t1;
create table t1 (c char(6) primary key, d char(6));
insert into t1(c) values (2e6),(2e-5);
select * from t1;
c	d
0.000020	NULL
2000000.000000	NULL
drop table t1;
CREATE TABLE d1 (d DOUBLE primary key, e double);
INSERT INTO d1(d) VALUES (1.7976931348623157E+308);
SELECT * FROM d1;
d	e
1.7976931348623157e308	NULL
SELECT * FROM d1;
d	e
1.7976931348623157e308	NULL
DROP TABLE d1;
create table t1 (a char(20) primary key, b char(20));
insert into t1(a) values (1.225e-05);
select a+0 from t1;
a+0
0
drop table t1;
CREATE TABLE t1 (f1 DOUBLE primary key,f2 double);
INSERT INTO t1(f1) VALUES(-1.79769313486231e+308);
SELECT f1 FROM t1;
f1
-1.79769313486231e308
DROP TABLE t1;
create table t1(a int primary key, b int);
insert into t1(a) values(1);
select 0.12 from t1;
0.12
0.12
select 0.1234567 from t1;
0.1234567
0.1234567
drop table t1;
