drop table if exists t1;
create table t1 (pk int primary key, t  datetime);
insert into t1 values (101,101),(102,691231),(103,700101),(104,991231),(105,10000101),(106,99991231),(107,101000000),(108,691231000000),(109,700101000000),(110,991231235959),(111,10000101000000),(112,99991231235959),(113,20030100000000),(114,20030000000000),(115,0),(116,-1),(117,-20030000000000);
select * from t1 where pk > 100 and pk < 200;
pk	t
101	1970-01-01 08:00:00.101
102	1970-01-01 08:00:00.691231
103	1970-01-01 08:00:00.700101
104	1970-01-01 08:00:00.991231
105	1970-01-01 08:00:10.101
106	1970-01-01 08:01:39.991231
107	1970-01-01 08:01:41
108	1970-01-09 08:00:31
109	1970-01-09 10:28:21
110	1970-01-12 19:20:31.235959
111	1970-04-27 01:48:21
112	1973-03-03 15:20:31.235959
113	1970-08-21 03:55:00
114	1970-08-21 03:53:20
115	1970-01-01 08:00:00
116	1970-01-01 08:00:00.-1
117	1969-05-14 12:06:40
insert into t1 values(1,'000101'),(2,'691231'),(3,'700101'),(4,'991231'),(5,'00000101'),(6,'00010101'),(7,'99991231'),(8,'00101000000'),(9,'691231000000'),(10,'700101000000'),(11,'991231235959'),(12,'10000101000000'),(13,'99991231235959'),(14,'20030100000000'),(15,'20030000000000'),(16,'0'),(17,'-1'),(18,'-20030000000000');
select * from t1 where pk > 0 and pk < 100;
pk	t
1	1970-01-01 08:00:00
2	1970-01-01 08:00:00
3	1970-01-01 08:00:00
4	1970-01-01 08:00:00
5	1970-01-01 08:00:00
6	1970-01-01 08:00:00
7	1970-01-01 08:00:00
8	1970-01-01 08:00:00
9	1970-01-01 08:00:00
10	1970-01-01 08:00:00
11	1970-01-01 08:00:00
12	1970-01-01 08:00:00
13	1970-01-01 08:00:00
14	1970-01-01 08:00:00
15	1970-01-01 08:00:00
16	1970-01-01 08:00:00
17	1970-01-01 08:00:00
18	1970-01-01 08:00:00
insert into t1 values (216,'2003-003-03'),(217,'20003-03-03'),(218,'2003-3-3'),(219,'2-03-03'),(220,'2003-03-003');
select * from t1 where pk > 200 and pk < 300;
pk	t
216	1970-01-01 08:00:00
217	1970-01-01 08:00:00
218	2003-03-03 00:00:00
219	2-03-03 00:00:00
220	2003-02-28 00:00:00
wrong date
insert into t1 values (421,'2003-03-32'),(422,'2003-02-30'),(423,'2003-4-31'),(424,'2000-02-30'),(425,'2001-2-29'),(426,'1900-2-29'),(427,'1900-12-32');
select * from t1 where pk > 400 and pk < 500;
pk	t
421	2003-04-01 00:00:00
422	2003-03-02 00:00:00
423	2003-05-01 00:00:00
424	2000-03-01 00:00:00
425	2001-03-01 00:00:00
426	1900-03-01 00:00:00
427	1901-01-01 00:00:00
insert into t1 values (301,'2003-03-31'),(302,'2003-02-28'),(303,'2003-4-30'),(304,'2000-02-29'),(305,'2000-02-28'),(306,'1900-2-28');
select * from t1 where pk > 300 and pk < 400;
pk	t
301	2003-03-31 00:00:00
302	2003-02-28 00:00:00
303	2003-04-30 00:00:00
304	2000-02-29 00:00:00
305	2000-02-28 00:00:00
306	1900-02-28 00:00:00
insert into t1 values (517,'20030102T131415'),(518,'2001-01-01T01:01:01'), (519,'2001-1-1T1:01:01');
select * from t1 where pk > 500 and pk < 600;
pk	t
517	1970-01-01 08:00:00
518	2001-01-01 00:00:00
519	2001-01-01 00:00:00
insert into t1 values (617,'2003-1-1 24:00:00'),(618,'2001-01-01 25:00:00'), (619,'2001-1-1 12:61:00'),(620,'2001-1-1 12:00:61');
select * from t1 where pk > 600 and pk < 700;
pk	t
617	2003-01-02 00:00:00
618	2001-01-02 01:00:00
619	2001-01-01 13:01:00
620	2001-01-01 12:01:01
replace into t1 values(620,'2003-0303 12:13:14');
select * from t1;
pk	t
1	1970-01-01 08:00:00
2	1970-01-01 08:00:00
3	1970-01-01 08:00:00
4	1970-01-01 08:00:00
5	1970-01-01 08:00:00
6	1970-01-01 08:00:00
7	1970-01-01 08:00:00
8	1970-01-01 08:00:00
9	1970-01-01 08:00:00
10	1970-01-01 08:00:00
11	1970-01-01 08:00:00
12	1970-01-01 08:00:00
13	1970-01-01 08:00:00
14	1970-01-01 08:00:00
15	1970-01-01 08:00:00
16	1970-01-01 08:00:00
17	1970-01-01 08:00:00
18	1970-01-01 08:00:00
101	1970-01-01 08:00:00.101
102	1970-01-01 08:00:00.691231
103	1970-01-01 08:00:00.700101
104	1970-01-01 08:00:00.991231
105	1970-01-01 08:00:10.101
106	1970-01-01 08:01:39.991231
107	1970-01-01 08:01:41
108	1970-01-09 08:00:31
109	1970-01-09 10:28:21
110	1970-01-12 19:20:31.235959
111	1970-04-27 01:48:21
112	1973-03-03 15:20:31.235959
113	1970-08-21 03:55:00
114	1970-08-21 03:53:20
115	1970-01-01 08:00:00
116	1970-01-01 08:00:00.-1
117	1969-05-14 12:06:40
216	1970-01-01 08:00:00
217	1970-01-01 08:00:00
218	2003-03-03 00:00:00
219	2-03-03 00:00:00
220	2003-02-28 00:00:00
301	2003-03-31 00:00:00
302	2003-02-28 00:00:00
303	2003-04-30 00:00:00
304	2000-02-29 00:00:00
305	2000-02-28 00:00:00
306	1900-02-28 00:00:00
421	2003-04-01 00:00:00
422	2003-03-02 00:00:00
423	2003-05-01 00:00:00
424	2000-03-01 00:00:00
425	2001-03-01 00:00:00
426	1900-03-01 00:00:00
427	1901-01-01 00:00:00
517	1970-01-01 08:00:00
518	2001-01-01 00:00:00
519	2001-01-01 00:00:00
617	2003-01-02 00:00:00
618	2001-01-02 01:00:00
619	2001-01-01 13:01:00
620	1970-01-01 08:00:00
drop table t1;
create table t1 (id int primary key, dt  datetime);
insert into t1 values (1,'2001-08-14 00:00:00'),(2,'2001-08-15 00:00:00'),(3,'2001-08-16 00:00:00'),(4,'2003-09-15 01:20:30');
select * from t1 where dt='2001-08-14 00:00:00';
id	dt
1	2001-08-14 00:00:00
select * from t1 where dt > 20021020;
id	dt
1	2001-08-14 00:00:00
2	2001-08-15 00:00:00
3	2001-08-16 00:00:00
4	2003-09-15 01:20:30
